image_name,steer,throttle,brake,speed,x,y,z,yaw,speed_limit,is_traffic_light,traffic_light_state
2022-03-28_01-27-36_274.jpg,0.0,0.0,0.0,0.0,151.67916870117188,195.26983642578125,0.001595134730450809,179.999755859375,30.0,False,2
2022-03-28_01-27-36_275.jpg,0.0,0.0,0.0,0.0,151.67916870117188,195.26983642578125,0.001595134730450809,179.999755859375,30.0,False,2
2022-03-28_01-27-36_276.jpg,0.0,0.0,0.0,0.0,151.67916870117188,195.26983642578125,0.001595134730450809,179.999755859375,30.0,False,2
2022-03-28_01-27-36_277.jpg,0.04247467964887619,0.8500000238418579,0.0,0.0025567435659468174,151.67916870117188,195.26983642578125,0.0015548133524134755,179.999755859375,30.0,False,2
2022-03-28_01-27-36_278.jpg,0.04247467964887619,0.8500000238418579,0.0,0.002336053876206279,151.67916870117188,195.26983642578125,0.001513156807050109,179.999755859375,30.0,False,2
2022-03-28_01-27-36_279.jpg,0.04247467964887619,0.8500000238418579,0.0,0.0011068248422816396,151.67916870117188,195.26983642578125,0.0014937781961634755,179.999755859375,30.0,False,2
2022-03-28_01-27-36_280.jpg,0.04247467964887619,0.8500000238418579,0.0,0.0008809709106571972,151.67916870117188,195.26983642578125,0.0014769935514777899,179.999755859375,30.0,False,2
2022-03-28_01-27-36_281.jpg,0.03034880757331848,0.8500000238418579,0.0,0.0009885596809908748,151.67916870117188,195.26983642578125,0.0014563178410753608,179.999755859375,30.0,False,2
2022-03-28_01-27-36_282.jpg,0.03034880757331848,0.8500000238418579,0.0,0.00027166842482984066,151.67916870117188,195.26983642578125,0.0014592933002859354,179.999755859375,30.0,False,2
2022-03-28_01-27-36_283.jpg,0.03034880757331848,0.8500000238418579,0.0,0.00045859813690185547,151.67916870117188,195.26983642578125,0.0014656638959422708,179.999755859375,30.0,False,2
2022-03-28_01-27-36_284.jpg,0.03034880757331848,0.8500000238418579,0.0,0.000845680246129632,151.67916870117188,195.26983642578125,0.0014785575913265347,179.999755859375,30.0,False,2
2022-03-28_01-27-36_285.jpg,0.03034880757331848,0.8500000238418579,0.0,0.0010457753669470549,151.67916870117188,195.26983642578125,0.0014946936862543225,179.999755859375,30.0,False,2
2022-03-28_01-27-36_286.jpg,0.03034880757331848,0.8500000238418579,0.0,0.0011037540389224887,151.67916870117188,195.26983642578125,0.0015118217561393976,179.999755859375,30.0,False,2
2022-03-28_01-27-36_287.jpg,0.03034880757331848,0.8500000238418579,0.0,0.0011216211132705212,151.67916870117188,195.26983642578125,0.0015292930183932185,179.999755859375,30.0,False,2
2022-03-28_01-27-36_288.jpg,0.03034880757331848,0.8500000238418579,0.0,0.0014342641225084662,151.67916870117188,195.26983642578125,0.001550807966850698,179.999755859375,30.0,False,2
2022-03-28_01-27-36_289.jpg,0.03034880757331848,0.8500000238418579,0.0,0.0006437444826588035,151.67916870117188,195.26983642578125,0.0015609931433573365,179.999755859375,30.0,False,2
2022-03-28_01-27-36_290.jpg,0.03034880757331848,0.8500000238418579,0.0,0.000781960494350642,151.67916870117188,195.26983642578125,0.0015734671615064144,179.999755859375,30.0,False,2
2022-03-28_01-27-36_291.jpg,0.03034880757331848,0.8500000238418579,0.0,0.00041784284985624254,151.67916870117188,195.26983642578125,0.0015800666296854615,179.999755859375,30.0,False,2
2022-03-28_01-27-36_292.jpg,0.03034880757331848,0.8500000238418579,0.0,0.0006124210194684565,151.67916870117188,195.26983642578125,0.0015900993021205068,179.999755859375,30.0,False,2
2022-03-28_01-27-36_293.jpg,0.03034880757331848,0.8500000238418579,0.0,0.0007144832634367049,151.67916870117188,195.26983642578125,0.0016018867027014494,179.999755859375,30.0,False,2
2022-03-28_01-27-36_294.jpg,0.03034880757331848,0.8500000238418579,0.0,0.0003579521144274622,151.67916870117188,195.26983642578125,0.0015937613788992167,179.999755859375,30.0,False,2
2022-03-28_01-27-36_295.jpg,0.03034880757331848,0.8500000238418579,0.0,0.001881890231743455,151.67916870117188,195.26983642578125,0.0016217994270846248,179.999755859375,30.0,False,2
2022-03-28_01-27-36_296.jpg,0.03034880757331848,0.8500000238418579,0.0,0.000652046175673604,151.67916870117188,195.26983642578125,0.0016326713375747204,179.999755859375,30.0,False,2
2022-03-28_01-27-36_297.jpg,0.03034880757331848,0.8500000238418579,0.0,0.0013038110919296741,151.67916870117188,195.26983642578125,0.0016528511187061667,179.999755859375,30.0,False,2
2022-03-28_01-27-36_298.jpg,0.03034880757331848,0.8500000238418579,0.0,0.0007585096172988415,151.67916870117188,195.26983642578125,0.0016650962643325329,179.999755859375,30.0,False,2
2022-03-28_01-27-36_299.jpg,0.03034880757331848,0.8500000238418579,0.0,0.0003330278559587896,151.67916870117188,195.26983642578125,0.0016705512534826994,179.999755859375,30.0,False,2
2022-03-28_01-27-36_300.jpg,0.03034880757331848,0.8500000238418579,0.0,0.0006398868281394243,151.67916870117188,195.26983642578125,0.0016809272347018123,179.999755859375,30.0,False,2
2022-03-28_01-27-36_301.jpg,0.03034880757331848,0.8500000238418579,0.0,0.0008057832601480186,151.67916870117188,195.26983642578125,0.001693630125373602,179.999755859375,30.0,False,2
2022-03-28_01-27-36_302.jpg,0.03034880757331848,0.8500000238418579,0.0,0.0,151.67916870117188,195.26983642578125,0.001693630125373602,179.999755859375,30.0,False,2
2022-03-28_01-27-36_303.jpg,0.03034880757331848,0.8500000238418579,0.0,0.0002961063291877508,151.67916870117188,195.26983642578125,0.0017006873385980725,179.999755859375,30.0,False,2
2022-03-28_01-27-36_304.jpg,0.03034880757331848,0.8500000238418579,0.0,0.00022157668718136847,151.67916870117188,195.26983642578125,0.0017041205428540707,179.999755859375,30.0,False,2
2022-03-28_01-27-36_305.jpg,0.03034880757331848,0.8500000238418579,0.0,0.0003678893845062703,151.67916870117188,195.26983642578125,0.0016972159501165152,179.999755859375,30.0,False,2
2022-03-28_01-27-36_306.jpg,0.03034880757331848,0.8500000238418579,0.0,0.0036980363074690104,151.67913818359375,195.26983642578125,0.001703777234070003,179.9996337890625,30.0,False,2
2022-03-28_01-27-36_307.jpg,0.03034880757331848,0.8500000238418579,0.0,0.3848223388195038,151.6747283935547,195.26974487304688,0.0016774940304458141,-179.99688720703125,30.0,False,2
2022-03-28_01-27-36_308.jpg,0.03034880757331848,0.8500000238418579,0.0,0.6918197870254517,151.6653594970703,195.2696075439453,0.0016214943025261164,-179.99034118652344,30.0,False,2
2022-03-28_01-27-36_309.jpg,0.03034880757331848,0.8500000238418579,0.0,0.9409304857254028,151.6525421142578,195.2694091796875,0.0015653037698939443,-179.9814453125,30.0,False,2
2022-03-28_01-27-36_310.jpg,0.03034880757331848,0.8500000238418579,0.0,1.213399052619934,151.6346893310547,195.2691192626953,0.0014923285925760865,-179.96893310546875,30.0,False,2
2022-03-28_01-27-36_311.jpg,0.03034880757331848,0.8500000238418579,0.0,1.429789662361145,151.61483764648438,195.26878356933594,0.0014343452639877796,-179.95516967773438,30.0,False,2
2022-03-28_01-27-36_312.jpg,0.03034880757331848,0.8500000238418579,0.0,1.6492096185684204,151.5888671875,195.2683563232422,0.0013595008058473468,-179.93734741210938,30.0,False,2
2022-03-28_01-27-36_313.jpg,0.02983718179166317,0.8500000238418579,0.0,1.8241875171661377,151.563232421875,195.26792907714844,0.0013151740422472358,-179.91998291015625,30.0,False,2
2022-03-28_01-27-36_314.jpg,0.02983718179166317,0.8500000238418579,0.0,2.0103938579559326,151.5301513671875,195.26736450195312,0.0012515067355707288,-179.8978271484375,30.0,False,2
2022-03-28_01-27-36_315.jpg,0.02983718179166317,0.8500000238418579,0.0,2.161702871322632,151.49839782714844,195.26683044433594,0.0012201881036162376,-179.87664794921875,30.0,False,2
2022-03-28_01-27-36_316.jpg,0.02983718179166317,0.8500000238418579,0.0,2.309514284133911,151.4625701904297,195.26620483398438,0.0011881064856424928,-179.85284423828125,30.0,False,2
2022-03-28_01-27-36_317.jpg,0.028282657265663147,0.8500000238418579,0.0,2.4537971019744873,151.42257690429688,195.26548767089844,0.0011566734174266458,-179.82705688476562,30.0,False,2
2022-03-28_01-27-36_318.jpg,0.028282657265663147,0.8500000238418579,0.0,2.5996627807617188,151.376708984375,195.26466369628906,0.0011205482296645641,-179.7980499267578,30.0,False,2
2022-03-28_01-27-36_319.jpg,0.028282657265663147,0.8500000238418579,0.0,2.717550039291382,151.33551025390625,195.263916015625,0.001119213062338531,-179.77220153808594,30.0,False,2
2022-03-28_01-27-36_320.jpg,0.028282657265663147,0.8500000238418579,0.0,2.8284695148468018,151.29322814941406,195.26312255859375,0.0011224937625229359,-179.74583435058594,30.0,False,2
2022-03-28_01-27-36_321.jpg,0.02621668577194214,0.8500000238418579,0.0,2.941286563873291,151.2466278076172,195.2622833251953,0.0011207771021872759,-179.71778869628906,30.0,False,2
2022-03-28_01-27-36_322.jpg,0.02621668577194214,0.8500000238418579,0.0,3.0461764335632324,151.20004272460938,195.2614288330078,0.0011264991480857134,-179.6904296875,30.0,False,2
2022-03-28_01-27-36_323.jpg,0.02621668577194214,0.8500000238418579,0.0,3.1499783992767334,151.15084838867188,195.260498046875,0.0011313437717035413,-179.66192626953125,30.0,False,2
2022-03-28_01-27-36_324.jpg,0.02621668577194214,0.8500000238418579,0.0,3.253119468688965,151.09890747070312,195.25950622558594,0.0011351584689691663,-179.6320343017578,30.0,False,2
2022-03-28_01-27-36_325.jpg,0.001879347488284111,0.8500000238418579,0.0,3.356078863143921,151.04397583007812,195.2586669921875,0.0011378288036212325,-179.6131591796875,30.0,False,2
2022-03-28_01-27-36_326.jpg,0.001879347488284111,0.8500000238418579,0.0,3.4493227005004883,150.9918212890625,195.25804138183594,0.0011516761733219028,-179.60342407226562,30.0,False,2
2022-03-28_01-27-36_327.jpg,0.001879347488284111,0.8500000238418579,0.0,3.5538170337677,150.93055725097656,195.2574005126953,0.0011484336573630571,-179.59669494628906,30.0,False,2
2022-03-28_01-27-36_328.jpg,0.001879347488284111,0.8500000238418579,0.0,3.645799160003662,150.87432861328125,195.25686645507812,0.0011631202651187778,-179.59255981445312,30.0,False,2
2022-03-28_01-27-36_329.jpg,0.0055409446358680725,0.8500000238418579,0.0,3.7377312183380127,150.81594848632812,195.25631713867188,0.0011753272265195847,-179.5873565673828,30.0,False,2
2022-03-28_01-27-36_330.jpg,0.0055409446358680725,0.8500000238418579,0.0,3.833142042160034,150.7530975341797,195.2556915283203,0.001181430765427649,-179.58078002929688,30.0,False,2
2022-03-28_01-27-36_331.jpg,0.0055409446358680725,0.8500000238418579,0.0,3.9188287258148193,150.69479370117188,195.25511169433594,0.0011984824668616056,-179.57424926757812,30.0,False,2
2022-03-28_01-27-36_332.jpg,0.0055409446358680725,0.8500000238418579,0.0,4.01318883895874,150.62850952148438,195.25445556640625,0.0012021827278658748,-179.56658935546875,30.0,False,2
2022-03-28_01-27-36_333.jpg,0.005827684421092272,0.8500000238418579,0.0,4.103875160217285,150.56283569335938,195.25376892089844,0.0012108420487493277,-179.55873107910156,30.0,False,2
2022-03-28_01-27-36_334.jpg,0.005827684421092272,0.8500000238418579,0.0,4.18637228012085,150.50146484375,195.2531280517578,0.0012282752431929111,-179.5511932373047,30.0,False,2
2022-03-28_01-27-36_335.jpg,0.005827684421092272,0.8500000238418579,0.0,4.278369903564453,150.43112182617188,195.25238037109375,0.0012307167053222656,-179.54248046875,30.0,False,2
2022-03-28_01-27-36_336.jpg,0.005827684421092272,0.8500000238418579,0.0,4.3651251792907715,150.36309814453125,195.2516326904297,0.0012405205052345991,-179.53404235839844,30.0,False,2
2022-03-28_01-27-36_337.jpg,0.005204535089433193,0.8500000238418579,0.0,4.4563798904418945,150.28970336914062,195.2508544921875,0.0012428474146872759,-179.52523803710938,30.0,False,2
2022-03-28_01-27-36_338.jpg,0.005204535089433193,0.8500000238418579,0.0,4.537354946136475,150.2230987548828,195.25010681152344,0.0012583732604980469,-179.51751708984375,30.0,False,2
2022-03-28_01-27-36_339.jpg,0.005204535089433193,0.8500000238418579,0.0,4.622106552124023,150.1518096923828,195.2493438720703,0.0012669563293457031,-179.50933837890625,30.0,False,2
2022-03-28_01-27-36_340.jpg,0.005204535089433193,0.8500000238418579,0.0,4.711045742034912,150.07530212402344,195.2484893798828,0.0012682151282206178,-179.50074768066406,30.0,False,2
2022-03-28_01-27-36_341.jpg,0.0045130024664103985,0.8500000238418579,0.0,4.798940181732178,149.99803161621094,195.24765014648438,0.0012715720804408193,-179.4924774169922,30.0,False,2
2022-03-28_01-27-36_342.jpg,0.0045130024664103985,0.8500000238418579,0.0,4.892298698425293,149.9141082763672,195.24671936035156,0.0012661933433264494,-179.48388671875,30.0,False,2
2022-03-28_01-27-36_343.jpg,0.0045130024664103985,0.8500000238418579,0.0,4.9869585037231445,149.8271026611328,195.24575805664062,0.001260471297428012,-179.4752655029297,30.0,False,2
2022-03-28_01-27-36_344.jpg,0.0045130024664103985,0.8500000238418579,0.0,5.0757856369018555,149.74417114257812,195.2448272705078,0.0013055992312729359,-179.46717834472656,30.0,False,2
2022-03-28_01-27-36_345.jpg,0.0038326166104525328,0.8500000238418579,0.0,5.163019180297852,149.66065979003906,195.243896484375,0.0013722038129344583,-179.45948791503906,30.0,False,2
2022-03-28_01-27-36_346.jpg,0.0038326166104525328,0.8500000238418579,0.0,5.253582000732422,149.57192993164062,195.24288940429688,0.0014231300447136164,-179.45179748535156,30.0,False,2
2022-03-28_01-27-36_347.jpg,0.0038326166104525328,0.8500000238418579,0.0,5.346777439117432,149.4755859375,195.24179077148438,0.0014618110144510865,-179.44363403320312,30.0,False,2
2022-03-28_01-27-36_348.jpg,0.0038326166104525328,0.8500000238418579,0.0,5.40926456451416,149.3763427734375,195.2406768798828,0.0014910316094756126,-179.4352569580078,30.0,False,2
2022-03-28_01-27-36_349.jpg,0.0030890810303390026,0.8500000238418579,0.0,5.420379161834717,149.28977966308594,195.23968505859375,0.0015167808160185814,-179.4285888671875,30.0,False,2
2022-03-28_01-27-36_350.jpg,0.0030890810303390026,0.8500000238418579,0.0,5.456135272979736,149.19610595703125,195.23858642578125,0.001541461911983788,-179.4217071533203,30.0,False,2
2022-03-28_01-27-36_351.jpg,0.0030890810303390026,0.8500000238418579,0.0,5.514170169830322,149.11058044433594,195.23760986328125,0.0015586662339046597,-179.4157257080078,30.0,False,2
2022-03-28_01-27-36_352.jpg,0.0030890810303390026,0.8500000238418579,0.0,5.558520793914795,149.01849365234375,195.23655700683594,0.0015717888018116355,-179.40933227539062,30.0,False,2
2022-03-28_01-27-36_353.jpg,0.0024447378236800432,0.8500000238418579,0.0,5.629660129547119,148.9344940185547,195.23556518554688,0.0015800666296854615,-179.4040069580078,30.0,False,2
2022-03-28_01-27-36_354.jpg,0.0024447378236800432,0.8500000238418579,0.0,5.695891857147217,148.8495635986328,195.23458862304688,0.001582508091814816,-179.3988494873047,30.0,False,2
2022-03-28_01-27-36_355.jpg,0.0024447378236800432,0.8500000238418579,0.0,5.749374866485596,148.75682067871094,195.23350524902344,0.0015846443129703403,-179.3936309814453,30.0,False,2
2022-03-28_01-27-36_356.jpg,0.0024447378236800432,0.8500000238418579,0.0,5.820742607116699,148.66650390625,195.23245239257812,0.0015848350012674928,-179.3885498046875,30.0,False,2
2022-03-28_01-27-36_357.jpg,0.0019945111125707626,0.8500000238418579,0.0,5.885914325714111,148.5691680908203,195.23130798339844,0.0015824699075892568,-179.3835906982422,30.0,False,2
2022-03-28_01-27-36_358.jpg,0.0019945111125707626,0.8500000238418579,0.0,5.966235160827637,148.48008728027344,195.23028564453125,0.0015798377571627498,-179.3792724609375,30.0,False,2
2022-03-28_01-27-36_359.jpg,0.0019945111125707626,0.8500000238418579,0.0,6.048096179962158,148.38510131835938,195.2291717529297,0.001573009416460991,-179.3749237060547,30.0,False,2
2022-03-28_01-27-36_360.jpg,0.0019945111125707626,0.8500000238418579,0.0,6.119934558868408,148.2925567626953,195.22808837890625,0.0015672111185267568,-179.3707733154297,30.0,False,2
2022-03-28_01-27-36_361.jpg,0.0016593553591519594,0.8500000238418579,0.0,6.19935417175293,148.1919708251953,195.22691345214844,0.0015597343444824219,-179.3665771484375,30.0,False,2
2022-03-28_01-27-36_362.jpg,0.0016593553591519594,0.8500000238418579,0.0,6.266785144805908,148.08709716796875,195.22567749023438,0.0015545844798907638,-179.36241149902344,30.0,False,2
2022-03-28_01-27-36_363.jpg,0.0016593553591519594,0.8500000238418579,0.0,6.355792999267578,147.9905548095703,195.2245330810547,0.0015490150544792414,-179.3588104248047,30.0,False,2
2022-03-28_01-27-36_364.jpg,0.0016593553591519594,0.8500000238418579,0.0,6.4442057609558105,147.88848876953125,195.22329711914062,0.0015405082376673818,-179.35504150390625,30.0,False,2
2022-03-28_01-27-36_365.jpg,0.0012220069766044617,0.8500000238418579,0.0,6.527558326721191,147.7938995361328,195.22218322753906,0.0015337180811911821,-179.351806640625,30.0,False,2
2022-03-28_01-27-36_366.jpg,0.0012220069766044617,0.8500000238418579,0.0,6.618463039398193,147.68264770507812,195.2208709716797,0.0015238762134686112,-179.34837341308594,30.0,False,2
2022-03-28_01-27-36_367.jpg,0.0012220069766044617,0.8500000238418579,0.0,6.68612003326416,147.5693359375,195.2195281982422,0.0015187263488769531,-179.34506225585938,30.0,False,2
2022-03-28_01-27-36_368.jpg,0.0012220069766044617,0.8500000238418579,0.0,6.781223297119141,147.469970703125,195.2183380126953,0.001513843541033566,-179.34226989746094,30.0,False,2
2022-03-28_01-27-36_369.jpg,0.0010729030473157763,0.8500000238418579,0.0,6.881835460662842,147.3586883544922,195.2169952392578,0.0015047263586893678,-179.33935546875,30.0,False,2
2022-03-28_01-27-36_370.jpg,0.0010729030473157763,0.8500000238418579,0.0,6.963191986083984,147.2479248046875,195.2156524658203,0.001497783581726253,-179.33657836914062,30.0,False,2
2022-03-28_01-27-36_371.jpg,0.0010729030473157763,0.8500000238418579,0.0,7.044882774353027,147.13124084472656,195.21424865722656,0.0014923667768016458,-179.3337860107422,30.0,False,2
2022-03-28_01-27-36_372.jpg,0.0010729030473157763,0.8500000238418579,0.0,7.128368377685547,147.01744079589844,195.212890625,0.0014884757110849023,-179.3311004638672,30.0,False,2
2022-03-28_01-27-36_373.jpg,0.0009114888962358236,0.8500000238418579,0.0,7.218979835510254,146.9075469970703,195.21157836914062,0.0014840125804767013,-179.32862854003906,30.0,False,2
2022-03-28_01-27-36_374.jpg,0.0009114888962358236,0.8500000238418579,0.0,7.3115997314453125,146.7884063720703,195.2101593017578,0.001478328718803823,-179.32614135742188,30.0,False,2
2022-03-28_01-27-36_375.jpg,0.0009114888962358236,0.8500000238418579,0.0,7.396562576293945,146.67137145996094,195.20870971679688,0.0014741705963388085,-179.32374572753906,30.0,False,2
2022-03-28_01-27-36_376.jpg,0.0009114888962358236,0.8500000238418579,0.0,7.485499858856201,146.5535430908203,195.207275390625,0.0014702414628118277,-179.32139587402344,30.0,False,2
2022-03-28_01-27-36_377.jpg,0.00022260929108597338,0.8500000238418579,0.0,7.575527667999268,146.4462127685547,195.2059783935547,0.0014658927684649825,-179.31964111328125,30.0,False,2
2022-03-28_01-27-36_378.jpg,0.00022260929108597338,0.8500000238418579,0.0,7.676093578338623,146.3290252685547,195.2045440673828,0.0014599800342693925,-179.31813049316406,30.0,False,2
2022-03-28_01-27-36_379.jpg,0.00022260929108597338,0.8500000238418579,0.0,7.772984504699707,146.21347045898438,195.20314025878906,0.0014536856906488538,-179.31692504882812,30.0,False,2
2022-03-28_01-27-36_380.jpg,0.00022260929108597338,0.8500000238418579,0.0,7.871904373168945,146.08969116210938,195.20166015625,0.0014469719026237726,-179.3158416748047,30.0,False,2
2022-03-28_01-27-36_381.jpg,0.00043982735951431096,0.8500000238418579,0.0,7.9609479904174805,145.97653198242188,195.20028686523438,0.0014414787292480469,-179.3148956298828,30.0,False,2
2022-03-28_01-27-36_382.jpg,0.00043982735951431096,0.8500000238418579,0.0,8.059550285339355,145.8446502685547,195.1986846923828,0.0014360618079081178,-179.3137664794922,30.0,False,2
2022-03-28_01-27-36_383.jpg,0.00043982735951431096,0.8500000238418579,0.0,8.148776054382324,145.72203063964844,195.1972198486328,0.0014318275498226285,-179.31272888183594,30.0,False,2
2022-03-28_01-27-36_384.jpg,0.00043982735951431096,0.8500000238418579,0.0,8.243573188781738,145.58668518066406,195.19558715820312,0.001428317977115512,-179.31153869628906,30.0,False,2
2022-03-28_01-27-36_385.jpg,-0.010926051065325737,0.518074631690979,0.0,8.332935333251953,145.45408630371094,195.19412231445312,0.0014259146992117167,-179.3175048828125,30.0,False,2
2022-03-28_01-27-36_386.jpg,-0.010926051065325737,0.518074631690979,0.0,8.419268608093262,145.31466674804688,195.1927032470703,0.0014250754611566663,-179.3313751220703,30.0,False,2
2022-03-28_01-27-36_387.jpg,-0.010926051065325737,0.518074631690979,0.0,8.487296104431152,145.19418334960938,195.1916046142578,0.0014258002629503608,-179.34751892089844,30.0,False,2
2022-03-28_01-27-36_388.jpg,-0.010926051065325737,0.518074631690979,0.0,8.55768871307373,145.05325317382812,195.1903839111328,0.0014292716514319181,-179.3700408935547,30.0,False,2
2022-03-28_01-27-36_389.jpg,-0.008214376866817474,0.0,0.017169520258903503,8.613636016845703,144.92723083496094,195.18934631347656,0.0014339637709781528,-179.3909912109375,30.0,False,2
2022-03-28_01-27-36_390.jpg,-0.008214376866817474,0.0,0.017169520258903503,8.662307739257812,144.7958526611328,195.1883087158203,0.0014412498567253351,-179.41282653808594,30.0,False,2
2022-03-28_01-27-36_391.jpg,-0.008214376866817474,0.0,0.017169520258903503,8.700122833251953,144.6566925048828,195.187255859375,0.001452274271287024,-179.43594360351562,30.0,False,2
2022-03-28_01-27-36_392.jpg,-0.008214376866817474,0.0,0.017169520258903503,8.722426414489746,144.52734375,195.18634033203125,0.0014651297824457288,-179.4574432373047,30.0,False,2
2022-03-28_01-27-36_393.jpg,-0.006195029243826866,0.0,0.4171925187110901,8.731404304504395,144.3911590576172,195.18540954589844,0.0014826774131506681,-179.4789276123047,30.0,False,2
2022-03-28_01-27-36_394.jpg,-0.006195029243826866,0.0,0.4171925187110901,8.724443435668945,144.2508087158203,195.1844482421875,0.0015048407949507236,-179.49984741210938,30.0,False,2
2022-03-28_01-27-36_395.jpg,-0.006195029243826866,0.0,0.4171925187110901,8.703217506408691,144.10655212402344,195.1835174560547,0.0015317725483328104,-179.52041625976562,30.0,False,2
2022-03-28_01-27-36_396.jpg,-0.006195029243826866,0.0,0.4171925187110901,8.674554824829102,143.9689178466797,195.18264770507812,0.0015600394690409303,-179.5395050048828,30.0,False,2
2022-03-28_01-27-36_397.jpg,-0.004248816054314375,0.0,0.5790776014328003,8.63632583618164,143.83154296875,195.1818084716797,0.0015904426109045744,-179.55697631835938,30.0,False,2
2022-03-28_01-27-36_398.jpg,-0.004248816054314375,0.0,0.5790776014328003,8.589293479919434,143.6945037841797,195.18096923828125,0.0016226768493652344,-179.57305908203125,30.0,False,2
2022-03-28_01-27-36_399.jpg,-0.004248816054314375,0.0,0.5790776014328003,8.538084030151367,143.56198120117188,195.18019104003906,0.0016548729036003351,-179.5875701904297,30.0,False,2
2022-03-28_01-27-36_400.jpg,-0.004248816054314375,0.0,0.5790776014328003,8.478273391723633,143.42193603515625,195.1793975830078,0.0016900444170460105,-179.60206604003906,30.0,False,2
2022-03-28_01-27-36_401.jpg,-0.0025847069919109344,0.0,0.4319547712802887,8.426944732666016,143.29937744140625,195.1787109375,0.0017194938845932484,-179.61349487304688,30.0,False,2
2022-03-28_01-27-36_402.jpg,-0.0025847069919109344,0.0,0.4319547712802887,8.36572265625,143.15960693359375,195.1779327392578,0.0017529487377032638,-179.625,30.0,False,2
2022-03-28_01-27-36_403.jpg,-0.0025847069919109344,0.0,0.4319547712802887,8.313043594360352,143.0382080078125,195.17724609375,0.0017797278705984354,-179.63414001464844,30.0,False,2
2022-03-28_01-27-36_404.jpg,-0.0025847069919109344,0.0,0.4319547712802887,8.243945121765137,142.89463806152344,195.1764678955078,0.0018116950523108244,-179.64407348632812,30.0,False,2
2022-03-28_01-27-36_405.jpg,-0.001648852601647377,0.0,0.12486817687749863,8.187296867370605,142.769287109375,195.17579650878906,0.0018367576412856579,-179.65176391601562,30.0,False,2
2022-03-28_01-27-36_406.jpg,-0.001648852601647377,0.0,0.12486817687749863,8.124096870422363,142.62722778320312,195.17503356933594,0.001863994519226253,-179.65939331054688,30.0,False,2
2022-03-28_01-27-36_407.jpg,-0.001648852601647377,0.0,0.12486817687749863,8.07499885559082,142.50233459472656,195.17437744140625,0.0018841743003576994,-179.66552734375,30.0,False,2
2022-03-28_01-27-36_408.jpg,-0.001648852601647377,0.0,0.12486817687749863,8.023019790649414,142.3778533935547,195.17372131347656,0.0019027900416404009,-179.67108154296875,30.0,False,2
2022-03-28_01-27-36_409.jpg,-0.001003894954919815,0.22181223332881927,0.0,7.973824977874756,142.255859375,195.17306518554688,0.0019190025050193071,-179.67587280273438,30.0,False,2
2022-03-28_01-27-36_410.jpg,-0.001003894954919815,0.22181223332881927,0.0,7.930912971496582,142.13858032226562,195.17245483398438,0.001932659070007503,-179.67994689941406,30.0,False,2
2022-03-28_01-27-36_411.jpg,-0.001003894954919815,0.22181223332881927,0.0,7.886036396026611,142.0143280029297,195.17181396484375,0.0019454765133559704,-179.6837921142578,30.0,False,2
2022-03-28_01-27-36_412.jpg,-0.001003894954919815,0.22181223332881927,0.0,7.844021797180176,141.88963317871094,195.171142578125,0.001955966930836439,-179.6873016357422,30.0,False,2
2022-03-28_01-27-36_413.jpg,-0.0005389827420003712,0.5280911922454834,0.0,7.809659481048584,141.77349853515625,195.17056274414062,0.0019640158861875534,-179.6901092529297,30.0,False,2
2022-03-28_01-27-36_414.jpg,-0.0005389827420003712,0.5280911922454834,0.0,7.772319316864014,141.64727783203125,195.169921875,0.001970691606402397,-179.69276428222656,30.0,False,2
2022-03-28_01-27-36_415.jpg,-0.0005389827420003712,0.5280911922454834,0.0,7.740528583526611,141.5209503173828,195.1692657470703,0.0019754599779844284,-179.6950225830078,30.0,False,2
2022-03-28_01-27-36_416.jpg,-0.0005389827420003712,0.5280911922454834,0.0,7.721613883972168,141.4058380126953,195.16867065429688,0.001977672567591071,-179.6969451904297,30.0,False,2
2022-03-28_01-27-36_417.jpg,0.000304378685541451,0.7622359991073608,0.0,7.700298309326172,141.279052734375,195.16802978515625,0.001977672567591071,-179.69830322265625,30.0,False,2
2022-03-28_01-27-36_418.jpg,0.000304378685541451,0.7622359991073608,0.0,7.69465970993042,141.1659698486328,195.1674346923828,0.00197568885050714,-179.69908142089844,30.0,False,2
2022-03-28_01-27-36_419.jpg,0.000304378685541451,0.7622359991073608,0.0,7.689473628997803,141.04266357421875,195.1667938232422,0.0019710350316017866,-179.69943237304688,30.0,False,2
2022-03-28_01-27-36_420.jpg,0.000304378685541451,0.7622359991073608,0.0,7.694767951965332,140.92434692382812,195.16616821289062,0.001964473631232977,-179.69952392578125,30.0,False,2
2022-03-28_01-27-36_421.jpg,-0.00484692957252264,0.8500000238418579,0.0,7.696823596954346,140.78616333007812,195.16549682617188,0.001954364823177457,-179.70281982421875,30.0,False,2
2022-03-28_01-27-36_422.jpg,-0.00484692957252264,0.8500000238418579,0.0,7.727933883666992,140.67759704589844,195.1650390625,0.0019451332045719028,-179.70750427246094,30.0,False,2
2022-03-28_01-27-36_423.jpg,-0.00484692957252264,0.8500000238418579,0.0,7.791874885559082,140.44143676757812,195.16412353515625,0.0019161032978445292,-179.72265625,30.0,False,2
2022-03-28_01-27-36_424.jpg,-0.00484692957252264,0.8500000238418579,0.0,7.831864833831787,140.3236541748047,195.16371154785156,0.001899890834465623,-179.73182678222656,30.0,False,2
2022-03-28_01-27-36_425.jpg,-0.0036171141546219587,0.8500000238418579,0.0,7.878145694732666,140.209716796875,195.163330078125,0.0018827628809958696,-179.7407684326172,30.0,False,2
2022-03-28_01-27-36_426.jpg,-0.0036171141546219587,0.8500000238418579,0.0,7.928857326507568,140.08062744140625,195.1629180908203,0.0018624304793775082,-179.7506866455078,30.0,False,2
2022-03-28_01-27-36_427.jpg,-0.0036171141546219587,0.8500000238418579,0.0,7.980060577392578,139.96029663085938,195.1625518798828,0.001843852922320366,-179.75987243652344,30.0,False,2
2022-03-28_01-27-36_428.jpg,-0.0036171141546219587,0.8500000238418579,0.0,8.037447929382324,139.8284149169922,195.1621856689453,0.0018231009598821402,-179.7698516845703,30.0,False,2
2022-03-28_01-27-36_429.jpg,-0.0024654839653521776,0.6470951437950134,0.0,8.09412956237793,139.69873046875,195.1618194580078,0.0018039894057437778,-179.77890014648438,30.0,False,2
2022-03-28_01-27-36_430.jpg,-0.0024654839653521776,0.6470951437950134,0.0,8.152824401855469,139.57101440429688,195.1614532470703,0.001785869593732059,-179.78713989257812,30.0,False,2
2022-03-28_01-27-36_431.jpg,-0.0024654839653521776,0.6470951437950134,0.0,8.210288047790527,139.43545532226562,195.1610870361328,0.001767558977007866,-179.79534912109375,30.0,False,2
2022-03-28_01-27-36_432.jpg,-0.0024654839653521776,0.6470951437950134,0.0,8.266450881958008,139.31671142578125,195.16078186035156,0.0017531776102259755,-179.8022003173828,30.0,False,2
2022-03-28_01-27-36_433.jpg,-0.001840690616518259,0.3342954218387604,0.0,8.32703971862793,139.17538452148438,195.16043090820312,0.0017361259087920189,-179.80963134765625,30.0,False,2
2022-03-28_01-27-36_434.jpg,-0.001840690616518259,0.3342954218387604,0.0,8.374021530151367,139.04205322265625,195.1600799560547,0.0017231940291821957,-179.81607055664062,30.0,False,2
2022-03-28_01-27-36_435.jpg,-0.001840690616518259,0.3342954218387604,0.0,8.415792465209961,138.91607666015625,195.15975952148438,0.0017136192182078958,-179.82177734375,30.0,False,2
2022-03-28_01-27-36_436.jpg,-0.001840690616518259,0.3342954218387604,0.0,8.45091438293457,138.7740936279297,195.15940856933594,0.0017051505856215954,-179.82794189453125,30.0,False,2
2022-03-28_01-27-36_437.jpg,-0.0011987967882305384,0.0,0.002042315900325775,8.478755950927734,138.64483642578125,195.15911865234375,0.0017008017748594284,-179.83297729492188,30.0,False,2
2022-03-28_01-27-36_438.jpg,-0.0011987967882305384,0.0,0.002042315900325775,8.49999713897705,138.51304626464844,195.15879821777344,0.0016989326104521751,-179.83761596679688,30.0,False,2
2022-03-28_01-27-36_439.jpg,-0.0011987967882305384,0.0,0.002042315900325775,8.510149002075195,138.37774658203125,195.15850830078125,0.0017000389052554965,-179.8419647216797,30.0,False,2
2022-03-28_01-27-36_440.jpg,-0.0011987967882305384,0.0,0.002042315900325775,8.510307312011719,138.240478515625,195.158203125,0.0017048453446477652,-179.8461456298828,30.0,False,2
2022-03-28_01-27-36_441.jpg,-0.00048334122402593493,0.0,0.2167317420244217,8.507536888122559,138.1180419921875,195.1579132080078,0.0017113303765654564,-179.84930419921875,30.0,False,2
2022-03-28_01-27-36_442.jpg,-0.00048334122402593493,0.0,0.2167317420244217,8.489645957946777,137.98223876953125,195.15757751464844,0.0017212866805493832,-179.852294921875,30.0,False,2
2022-03-28_01-27-36_443.jpg,-0.00048334122402593493,0.0,0.2167317420244217,8.462718963623047,137.84774780273438,195.15724182128906,0.0017343711806461215,-179.8548126220703,30.0,False,2
2022-03-28_01-27-36_444.jpg,-0.00048334122402593493,0.0,0.2167317420244217,8.432808876037598,137.71766662597656,195.15695190429688,0.0017492484766989946,-179.85696411132812,30.0,False,2
2022-03-28_01-27-36_445.jpg,-0.00031118179322220385,0.0,0.252329558134079,8.39169692993164,137.57650756835938,195.1566162109375,0.0017673301044851542,-179.85891723632812,30.0,False,2
2022-03-28_01-27-36_446.jpg,-0.00031118179322220385,0.0,0.252329558134079,8.359419822692871,137.45953369140625,195.15634155273438,0.0017827796982601285,-179.8603515625,30.0,False,2
2022-03-28_01-27-36_447.jpg,-0.00031118179322220385,0.0,0.252329558134079,8.311722755432129,137.32223510742188,195.15603637695312,0.0018024253658950329,-179.86178588867188,30.0,False,2
2022-03-28_01-27-36_448.jpg,-0.00031118179322220385,0.0,0.252329558134079,8.265172958374023,137.1914520263672,195.15573120117188,0.001821231795474887,-179.86306762695312,30.0,False,2
2022-03-28_01-27-36_449.jpg,-0.00043982735951431096,0.0,0.07855210453271866,8.219365119934082,137.06336975097656,195.1554718017578,0.0018394278595224023,-179.8642120361328,30.0,False,2
2022-03-28_01-27-36_450.jpg,-0.00043982735951431096,0.0,0.07855210453271866,8.172948837280273,136.93002319335938,195.1551513671875,0.001857662107795477,-179.86544799804688,30.0,False,2
2022-03-28_01-27-36_451.jpg,-0.00043982735951431096,0.0,0.07855210453271866,8.125547409057617,136.7976837158203,195.15487670898438,0.0018747138092294335,-179.86663818359375,30.0,False,2
2022-03-28_01-27-36_452.jpg,-0.00043982735951431096,0.0,0.07855210453271866,8.0765962600708,136.66561889648438,195.15460205078125,0.0018908882047981024,-179.8678436279297,30.0,False,2
2022-03-28_01-27-36_453.jpg,0.00017573311924934387,0.1724037230014801,0.0,8.039837837219238,136.55462646484375,195.15435791015625,0.0019031333504244685,-179.8685760498047,30.0,False,2
2022-03-28_01-27-36_454.jpg,0.00017573311924934387,0.1724037230014801,0.0,7.998021125793457,136.43495178222656,195.15408325195312,0.0019154929323121905,-179.8690948486328,30.0,False,2
2022-03-28_01-27-36_455.jpg,0.00017573311924934387,0.1724037230014801,0.0,7.953727722167969,136.30661010742188,195.15380859375,0.0019275473896414042,-179.86935424804688,30.0,False,2
2022-03-28_01-27-36_456.jpg,0.00017573311924934387,0.1724037230014801,0.0,7.915182113647461,136.18447875976562,195.15353393554688,0.0019376182463020086,-179.86941528320312,30.0,False,2
2022-03-28_01-27-36_457.jpg,0.0,0.4313739240169525,0.0,7.881174564361572,136.0688018798828,195.15325927734375,0.0019456291338428855,-179.86941528320312,30.0,False,2
2022-03-28_01-27-36_458.jpg,0.0,0.4313739240169525,0.0,7.845487117767334,135.94607543945312,195.15298461914062,0.0019529532874003053,-179.86947631835938,30.0,False,2
2022-03-28_01-27-36_459.jpg,0.0,0.4313739240169525,0.0,7.815771579742432,135.82623291015625,195.1527099609375,0.001958446344360709,-179.86947631835938,30.0,False,2
2022-03-28_01-27-36_460.jpg,0.0,0.4313739240169525,0.0,7.796933174133301,135.719482421875,195.15248107910156,0.0019616507925093174,-179.86947631835938,30.0,False,2
2022-03-28_01-27-36_461.jpg,-0.002132364083081484,0.658949077129364,0.0,7.77114200592041,135.59165954589844,195.15220642089844,0.0019637488294392824,-179.87074279785156,30.0,False,2
2022-03-28_01-27-36_462.jpg,-0.002132364083081484,0.658949077129364,0.0,7.754751682281494,135.470947265625,195.15196228027344,0.001964206574484706,-179.87301635742188,30.0,False,2
2022-03-28_01-27-36_463.jpg,-0.002132364083081484,0.658949077129364,0.0,7.740089416503906,135.34185791015625,195.15174865722656,0.0019624519627541304,-179.8763885498047,30.0,False,2
2022-03-28_01-27-36_464.jpg,-0.002132364083081484,0.658949077129364,0.0,7.742708206176758,135.229248046875,195.15158081054688,0.0019590568263083696,-179.87979125976562,30.0,False,2
2022-03-28_01-27-36_465.jpg,-0.0016106776893138885,0.8151422142982483,0.0,7.741406440734863,135.10047912597656,195.1513671875,0.0019526481628417969,-179.8838653564453,30.0,False,2
2022-03-28_01-27-36_466.jpg,-0.0016106776893138885,0.8151422142982483,0.0,7.746614933013916,134.9716339111328,195.15118408203125,0.0019450187683105469,-179.88804626464844,30.0,False,2
2022-03-28_01-27-36_467.jpg,-0.0016106776893138885,0.8151422142982483,0.0,7.758441925048828,134.83847045898438,195.15101623535156,0.0019353294046595693,-179.89236450195312,30.0,False,2
2022-03-28_01-27-36_468.jpg,-0.0016106776893138885,0.8151422142982483,0.0,7.7788214683532715,134.70559692382812,195.15081787109375,0.0019240379333496094,-179.8966827392578,30.0,False,2
2022-03-28_01-27-36_469.jpg,-0.0009950052481144667,0.8500000238418579,0.0,7.8155903816223145,134.5880584716797,195.1506805419922,0.001911754603497684,-179.90025329589844,30.0,False,2
2022-03-28_01-27-36_470.jpg,-0.0009950052481144667,0.8500000238418579,0.0,7.853955268859863,134.4559326171875,195.15049743652344,0.0018952368991449475,-179.90386962890625,30.0,False,2
2022-03-28_01-27-36_471.jpg,-0.0009950052481144667,0.8500000238418579,0.0,7.898910045623779,134.336181640625,195.15036010742188,0.0018797110533341765,-179.9069061279297,30.0,False,2
2022-03-28_01-27-36_472.jpg,-0.0009950052481144667,0.8500000238418579,0.0,7.951467990875244,134.21319580078125,195.1502227783203,0.0018617057939991355,-179.90989685058594,30.0,False,2
2022-03-28_01-27-36_473.jpg,-0.0009114888962358236,0.7423227429389954,0.0,8.005501747131348,134.0839385986328,195.15005493164062,0.0018420981941744685,-179.9127960205078,30.0,False,2
2022-03-28_01-27-36_474.jpg,-0.0009114888962358236,0.7423227429389954,0.0,8.060733795166016,133.9620361328125,195.14991760253906,0.0018239401979371905,-179.9154510498047,30.0,False,2
2022-03-28_01-27-36_475.jpg,-0.0009114888962358236,0.7423227429389954,0.0,8.120076179504395,133.84048461914062,195.14979553222656,0.0018054390093311667,-179.91798400878906,30.0,False,2
2022-03-28_01-27-36_476.jpg,-0.0009114888962358236,0.7423227429389954,0.0,8.181015014648438,133.71762084960938,195.149658203125,0.0017869377043098211,-179.9204559326172,30.0,False,2
2022-03-28_01-27-36_477.jpg,-0.0004775827983394265,0.46321627497673035,0.0,8.242903709411621,133.59002685546875,195.14952087402344,0.0017681693425402045,-179.92269897460938,30.0,False,2
2022-03-28_01-27-36_478.jpg,-0.0004775827983394265,0.46321627497673035,0.0,8.300092697143555,133.4615936279297,195.1494140625,0.0017509651370346546,-179.92469787597656,30.0,False,2
2022-03-28_01-27-36_479.jpg,-0.0004775827983394265,0.46321627497673035,0.0,8.350786209106445,133.33380126953125,195.14927673339844,0.001736011472530663,-179.92648315429688,30.0,False,2
2022-03-28_01-27-36_480.jpg,-0.0004775827983394265,0.46321627497673035,0.0,8.39621353149414,133.20321655273438,195.14915466308594,0.0017233085818588734,-179.92816162109375,30.0,False,2
2022-03-28_01-27-36_481.jpg,-0.0003670363512355834,0.118949756026268,0.0,8.43589973449707,133.0745849609375,195.14901733398438,0.001713390345685184,-179.92962646484375,30.0,False,2
2022-03-28_01-27-36_482.jpg,-0.0003670363512355834,0.118949756026268,0.0,8.465831756591797,132.92794799804688,195.14886474609375,0.0017058372031897306,-179.93116760253906,30.0,False,2
2022-03-28_01-27-36_483.jpg,-0.0003670363512355834,0.118949756026268,0.0,8.487336158752441,132.8002471923828,195.1487274169922,0.0017030143644660711,-179.93238830566406,30.0,False,2
2022-03-28_01-27-36_484.jpg,-0.0003670363512355834,0.118949756026268,0.0,8.501496315002441,132.66732788085938,195.1486053466797,0.0017028235597535968,-179.93357849121094,30.0,False,2
2022-03-28_01-27-36_485.jpg,-0.00043982735951431096,0.0,0.15696214139461517,8.501455307006836,132.52069091796875,195.1484375,0.0017066382570192218,-179.93487548828125,30.0,False,2
2022-03-28_01-27-36_486.jpg,-0.00043982735951431096,0.0,0.15696214139461517,8.494799613952637,132.3898162841797,195.1483154296875,0.0017135047819465399,-179.93605041503906,30.0,False,2
2022-03-28_01-27-36_487.jpg,-0.00043982735951431096,0.0,0.15696214139461517,8.477278709411621,132.25253295898438,195.148193359375,0.0017237663269042969,-179.93728637695312,30.0,False,2
2022-03-28_01-27-36_488.jpg,-0.00043982735951431096,0.0,0.15696214139461517,8.45736026763916,132.123046875,195.14805603027344,0.001735477359034121,-179.93846130371094,30.0,False,2
2022-03-28_01-27-36_489.jpg,0.00017573311924934387,0.0,0.245322585105896,8.429604530334473,131.99130249023438,195.14794921875,0.0017495155334472656,-179.93930053710938,30.0,False,2
2022-03-28_01-27-36_490.jpg,0.00017573311924934387,0.0,0.245322585105896,8.394428253173828,131.85867309570312,195.1478271484375,0.0017654609400779009,-179.93980407714844,30.0,False,2
2022-03-28_01-27-36_491.jpg,0.00017573311924934387,0.0,0.245322585105896,8.355904579162598,131.7272186279297,195.147705078125,0.0017825508257374167,-179.9400634765625,30.0,False,2
2022-03-28_01-27-36_492.jpg,0.00017573311924934387,0.0,0.245322585105896,8.316648483276367,131.60150146484375,195.14759826660156,0.001799411722458899,-179.94012451171875,30.0,False,2
2022-03-28_01-27-36_493.jpg,0.0,0.0,0.13526006042957306,8.27420425415039,131.47254943847656,195.14747619628906,0.0018171882256865501,-179.94017028808594,30.0,False,2
2022-03-28_01-27-36_494.jpg,0.0,0.0,0.13526006042957306,8.232908248901367,131.34634399414062,195.14735412597656,0.0018342017428949475,-179.94017028808594,30.0,False,2
2022-03-28_01-27-36_495.jpg,0.0,0.0,0.13526006042957306,8.195425987243652,131.2327880859375,195.14724731445312,0.0018487739143893123,-179.94017028808594,30.0,False,2
2022-03-28_01-27-36_496.jpg,0.0,0.0,0.13526006042957306,8.145366668701172,131.0998077392578,195.14707946777344,0.0018662071088328958,-179.94020080566406,30.0,False,2
2022-03-28_01-27-36_497.jpg,0.0,0.09259486198425293,0.0,8.101405143737793,130.9755859375,195.14697265625,0.0018815421499311924,-179.94020080566406,30.0,False,2
2022-03-28_01-27-36_498.jpg,0.0,0.09259486198425293,0.0,8.063133239746094,130.85658264160156,195.1468505859375,0.0018948173383250833,-179.94021606445312,30.0,False,2
2022-03-28_01-27-36_499.jpg,0.0,0.09259486198425293,0.0,8.017648696899414,130.72483825683594,195.14669799804688,0.0019086265238001943,-179.94021606445312,30.0,False,2
2022-03-28_01-27-36_500.jpg,0.0,0.09259486198425293,0.0,7.97747802734375,130.60081481933594,195.14657592773438,0.0019202232360839844,-179.94021606445312,30.0,False,2
2022-03-28_01-27-36_501.jpg,-0.001066182041540742,0.34235915541648865,0.0,7.942051410675049,130.48622131347656,195.14645385742188,0.0019296836107969284,-179.94068908691406,30.0,False,2
2022-03-28_01-27-36_502.jpg,-0.001066182041540742,0.34235915541648865,0.0,7.902861595153809,130.3629608154297,195.1463165283203,0.0019389152294024825,-179.94178771972656,30.0,False,2
2022-03-28_01-27-36_503.jpg,-0.001066182041540742,0.34235915541648865,0.0,7.871246337890625,130.2473907470703,195.146240234375,0.0019462013151496649,-179.94320678710938,30.0,False,2
2022-03-28_01-27-36_504.jpg,-0.001066182041540742,0.34235915541648865,0.0,7.838920593261719,130.12489318847656,195.14614868164062,0.0019524573581293225,-179.94500732421875,30.0,False,2
2022-03-28_01-27-36_505.jpg,-0.0005661552422679961,0.5712828040122986,0.0,7.80830192565918,129.99862670898438,195.1460723876953,0.001957416534423828,-179.94683837890625,30.0,False,2
2022-03-28_01-27-36_506.jpg,-0.0005661552422679961,0.5712828040122986,0.0,7.781905174255371,129.87069702148438,195.14596557617188,0.001960697118192911,-179.94863891601562,30.0,False,2
2022-03-28_01-27-36_507.jpg,-0.0005661552422679961,0.5712828040122986,0.0,7.763861179351807,129.74620056152344,195.14588928222656,0.0019620703533291817,-179.95025634765625,30.0,False,2
2022-03-28_01-27-36_508.jpg,-0.0005661552422679961,0.5712828040122986,0.0,7.754208087921143,129.62709045410156,195.1457977294922,0.001961078494787216,-179.95176696777344,30.0,False,2
2022-03-28_01-27-36_509.jpg,-0.0006220098002813756,0.7627409100532532,0.0,7.74691104888916,129.50381469726562,195.14572143554688,0.0019581031519919634,-179.95333862304688,30.0,False,2
2022-03-28_01-27-36_510.jpg,-0.0006220098002813756,0.7627409100532532,0.0,7.753310203552246,129.39471435546875,195.14566040039062,0.001953563652932644,-179.9547119140625,30.0,False,2
2022-03-28_01-27-36_511.jpg,-0.0006220098002813756,0.7627409100532532,0.0,7.759883403778076,129.27218627929688,195.14556884765625,0.0019460105104371905,-179.95626831054688,30.0,False,2
2022-03-28_01-27-36_512.jpg,-0.0006220098002813756,0.7627409100532532,0.0,7.769482612609863,129.14540100097656,195.14547729492188,0.001936855260282755,-179.95791625976562,30.0,False,2
2022-03-28_01-27-36_513.jpg,0.0002485241857357323,0.8477292060852051,0.0,7.791512489318848,129.02841186523438,195.1453857421875,0.0019269370241090655,-179.95896911621094,30.0,False,2
2022-03-28_01-27-36_514.jpg,0.0002485241857357323,0.8477292060852051,0.0,7.818750858306885,128.90701293945312,195.1453094482422,0.0019145774422213435,-179.95960998535156,30.0,False,2
2022-03-28_01-27-36_515.jpg,0.0002485241857357323,0.8477292060852051,0.0,7.853840351104736,128.7919921875,195.14523315429688,0.0019013786222785711,-179.9598846435547,30.0,False,2
2022-03-28_01-27-36_516.jpg,0.0002485241857357323,0.8477292060852051,0.0,7.893812656402588,128.6679229736328,195.14515686035156,0.0018853568471968174,-179.9599609375,30.0,False,2
2022-03-28_01-27-36_517.jpg,0.0,0.7784205079078674,0.0,7.934452533721924,128.53807067871094,195.14508056640625,0.0018681144574657083,-179.9599609375,30.0,False,2
2022-03-28_01-27-36_518.jpg,0.0,0.7784205079078674,0.0,7.978759288787842,128.41021728515625,195.14498901367188,0.0018513298127800226,-179.95999145507812,30.0,False,2
2022-03-28_01-27-36_519.jpg,0.0,0.7784205079078674,0.0,8.029682159423828,128.2884979248047,195.14491271972656,0.0018350791651755571,-179.95999145507812,30.0,False,2
2022-03-28_01-27-36_520.jpg,0.0,0.7784205079078674,0.0,8.084637641906738,128.16390991210938,195.14483642578125,0.0018176077865064144,-179.95999145507812,30.0,False,2
2022-03-28_01-27-36_521.jpg,-0.0006155604496598244,0.5678102970123291,0.0,8.14051342010498,128.03713989257812,195.14476013183594,0.0017999076517298818,-179.96029663085938,30.0,False,2
2022-03-28_01-27-36_522.jpg,-0.0006155604496598244,0.5678102970123291,0.0,8.194222450256348,127.9099349975586,195.14466857910156,0.001782970386557281,-179.96102905273438,30.0,False,2
2022-03-28_01-27-36_523.jpg,-0.0006155604496598244,0.5678102970123291,0.0,8.244646072387695,127.7777099609375,195.14459228515625,0.0017668341752141714,-179.9619903564453,30.0,False,2
2022-03-28_01-27-36_524.jpg,-0.0006155604496598244,0.5678102970123291,0.0,8.291204452514648,127.64659118652344,195.14450073242188,0.0017530631739646196,-179.96316528320312,30.0,False,2
2022-03-28_01-27-36_525.jpg,0.00017573311924934387,0.2679481506347656,0.0,8.33775520324707,127.52873992919922,195.1444549560547,0.0017420005751773715,-179.96392822265625,30.0,False,2
2022-03-28_01-27-36_526.jpg,0.00017573311924934387,0.2679481506347656,0.0,8.382185935974121,127.39804077148438,195.14434814453125,0.0017306709196418524,-179.96444702148438,30.0,False,2
2022-03-28_01-27-36_527.jpg,0.00017573311924934387,0.2679481506347656,0.0,8.416159629821777,127.2697982788086,195.14427185058594,0.001722202287055552,-179.96470642089844,30.0,False,2
2022-03-28_01-27-36_528.jpg,0.00017573311924934387,0.2679481506347656,0.0,8.44027042388916,127.12642669677734,195.14419555664062,0.0017161750001832843,-179.9647216796875,30.0,False,2
2022-03-28_01-27-36_529.jpg,0.0,0.0,0.01577766239643097,8.450791358947754,126.97726440429688,195.1441192626953,0.0017149162013083696,-179.9647216796875,30.0,False,2
2022-03-28_01-27-36_530.jpg,0.0,0.0,0.01577766239643097,8.446374893188477,126.81668853759766,195.1439971923828,0.0017191886436194181,-179.9647674560547,30.0,False,2
2022-03-28_01-27-36_531.jpg,0.0,0.0,0.01577766239643097,8.4601411819458,126.63288116455078,195.1438751220703,0.0017269706586375833,-179.9647674560547,30.0,False,2
2022-03-28_01-27-36_532.jpg,0.0,0.0,0.01577766239643097,8.445028305053711,126.45884704589844,195.14376831054688,0.001737194019369781,-179.9647674560547,30.0,False,2
2022-03-28_01-27-36_533.jpg,0.0,0.0,0.17460092902183533,8.421867370605469,126.31471252441406,195.14369201660156,0.0017487143632024527,-179.9647674560547,30.0,False,2
2022-03-28_01-27-36_534.jpg,0.0,0.0,0.17460092902183533,8.394268989562988,126.18474578857422,195.14361572265625,0.0017612265655770898,-179.9647674560547,30.0,False,2
2022-03-28_01-27-36_535.jpg,0.0,0.0,0.17460092902183533,8.364521980285645,126.06114196777344,195.14352416992188,0.0017745780060067773,-179.9647674560547,30.0,False,2
2022-03-28_01-27-36_536.jpg,0.0,0.0,0.17460092902183533,8.325008392333984,125.9257583618164,195.14344787597656,0.0017909812740981579,-179.9647674560547,30.0,False,2
2022-03-28_01-27-36_537.jpg,0.0,0.0,0.12616153061389923,8.288068771362305,125.7986068725586,195.14337158203125,0.0018068504286929965,-179.9647216796875,30.0,False,2
2022-03-28_01-27-36_538.jpg,0.0,0.0,0.12616153061389923,8.246085166931152,125.66716766357422,195.14329528808594,0.0018236350733786821,-179.9647216796875,30.0,False,2
2022-03-28_01-27-36_539.jpg,0.0,0.0,0.12616153061389923,8.206212043762207,125.54395294189453,195.14321899414062,0.0018390845507383347,-179.9647216796875,30.0,False,2
2022-03-28_01-27-36_540.jpg,0.0,0.0,0.12616153061389923,8.153863906860352,125.4030532836914,195.1431427001953,0.0018574714194983244,-179.9647216796875,30.0,False,2
2022-03-28_01-27-36_541.jpg,-0.000870533986017108,0.07159123569726944,0.0,8.115171432495117,125.28353118896484,195.14306640625,0.0018718147184699774,-179.9651641845703,30.0,False,2
2022-03-28_01-27-36_542.jpg,-0.000870533986017108,0.07159123569726944,0.0,8.06911563873291,125.1492919921875,195.14300537109375,0.001887149759568274,-179.96612548828125,30.0,False,2
2022-03-28_01-27-36_543.jpg,-0.000870533986017108,0.07159123569726944,0.0,8.0344877243042,125.034912109375,195.14295959472656,0.0018988990923389792,-179.96728515625,30.0,False,2
2022-03-28_01-27-36_544.jpg,-0.000870533986017108,0.07159123569726944,0.0,7.988073348999023,124.90211486816406,195.1428985595703,0.0019119834760203958,-179.96888732910156,30.0,False,2
2022-03-28_01-27-36_545.jpg,-0.0006220098002813756,0.32253214716911316,0.0,7.945938587188721,124.77498626708984,195.1428680419922,0.0019233511993661523,-179.97047424316406,30.0,False,2
2022-03-28_01-27-36_546.jpg,-0.0006220098002813756,0.32253214716911316,0.0,7.907345294952393,124.65159606933594,195.14280700683594,0.0019331168150529265,-179.97201538085938,30.0,False,2
2022-03-28_01-27-36_547.jpg,-0.0006220098002813756,0.32253214716911316,0.0,7.871998310089111,124.52952575683594,195.1427764892578,0.0019415091956034303,-179.97354125976562,30.0,False,2
2022-03-28_01-27-36_548.jpg,-0.0006220098002813756,0.32253214716911316,0.0,7.837449073791504,124.40315246582031,195.14271545410156,0.0019486808450892568,-179.97515869140625,30.0,False,2
2022-03-28_01-27-36_549.jpg,-0.0003670363512355834,0.5661541223526001,0.0,7.810737609863281,124.28394317626953,195.14266967773438,0.0019537925254553556,-179.97654724121094,30.0,False,2
2022-03-28_01-27-36_550.jpg,-0.0003670363512355834,0.5661541223526001,0.0,7.781291484832764,124.15367889404297,195.14263916015625,0.001957683591172099,-179.97792053222656,30.0,False,2
2022-03-28_01-27-36_551.jpg,-0.0003670363512355834,0.5661541223526001,0.0,7.762276649475098,124.02957916259766,195.142578125,0.0019595909398049116,-179.97915649414062,30.0,False,2
2022-03-28_01-27-36_552.jpg,-0.0003670363512355834,0.5661541223526001,0.0,7.74778413772583,123.90448760986328,195.1425323486328,0.0019592856988310814,-179.98025512695312,30.0,False,2
2022-03-28_01-27-36_553.jpg,0.00017573311924934387,0.7593013048171997,0.0,7.735570430755615,123.77381896972656,195.1425018310547,0.001957149477675557,-179.98110961914062,30.0,False,2
2022-03-28_01-27-36_554.jpg,0.00017573311924934387,0.7593013048171997,0.0,7.727489471435547,123.63800811767578,195.14244079589844,0.0019531059078872204,-179.98155212402344,30.0,False,2
2022-03-28_01-27-36_555.jpg,0.00017573311924934387,0.7593013048171997,0.0,7.737730979919434,123.51522064208984,195.14239501953125,0.0019472312415018678,-179.98175048828125,30.0,False,2
2022-03-28_01-27-36_556.jpg,0.00017573311924934387,0.7593013048171997,0.0,7.751902103424072,123.39177703857422,195.14236450195312,0.0019386099884286523,-179.9817657470703,30.0,False,2
2022-03-28_01-27-36_557.jpg,0.0,0.8500000238418579,0.0,7.773767471313477,123.27042388916016,195.14231872558594,0.0019280815031379461,-179.9817657470703,30.0,False,2
2022-03-28_01-27-36_558.jpg,0.0,0.8500000238418579,0.0,7.805421829223633,123.1559066772461,195.1422882080078,0.0019161796662956476,-179.9817657470703,30.0,False,2
2022-03-28_01-27-36_559.jpg,0.0,0.8500000238418579,0.0,7.8415608406066895,123.03301239013672,195.14224243164062,0.0019011115655303001,-179.98175048828125,30.0,False,2
2022-03-28_01-27-36_560.jpg,0.0,0.8500000238418579,0.0,7.883669853210449,122.91853332519531,195.14219665527344,0.001886081648990512,-179.98175048828125,30.0,False,2
2022-03-28_01-27-36_561.jpg,0.0,0.8042895197868347,0.0,7.928342819213867,122.77793884277344,195.1421661376953,0.0018658638000488281,-179.98175048828125,30.0,False,2
2022-03-28_01-27-36_562.jpg,0.0,0.8042895197868347,0.0,7.976512908935547,122.6595687866211,195.14212036132812,0.0018500708974897861,-179.98175048828125,30.0,False,2
2022-03-28_01-27-36_563.jpg,0.0,0.8042895197868347,0.0,8.03140926361084,122.52349090576172,195.14208984375,0.0018300819210708141,-179.9817657470703,30.0,False,2
2022-03-28_01-27-36_564.jpg,0.0,0.8042895197868347,0.0,8.086441040039062,122.406494140625,195.1420440673828,0.0018139075255021453,-179.9817657470703,30.0,False,2
2022-03-28_01-27-36_565.jpg,-0.0006155604496598244,0.576056957244873,0.0,8.149646759033203,122.27438354492188,195.1420135498047,0.0017942237900570035,-179.98214721679688,30.0,False,2
2022-03-28_01-27-36_566.jpg,-0.0006155604496598244,0.576056957244873,0.0,8.204081535339355,122.13452911376953,195.1419677734375,0.00177507393527776,-179.98294067382812,30.0,False,2
2022-03-28_01-27-36_567.jpg,-0.0006155604496598244,0.576056957244873,0.0,8.252909660339355,122.00186157226562,195.1419677734375,0.0017598915146663785,-179.9839630126953,30.0,False,2
2022-03-28_01-27-36_568.jpg,-0.0006155604496598244,0.576056957244873,0.0,8.296868324279785,121.8472900390625,195.14195251464844,0.0017448615981265903,-179.98536682128906,30.0,False,2
2022-03-28_01-27-36_569.jpg,-0.00043982735951431096,0.25406357645988464,0.0,8.339030265808105,121.70709991455078,195.14195251464844,0.0017352104187011719,-179.98667907714844,30.0,False,2
2022-03-28_01-27-36_570.jpg,-0.00043982735951431096,0.25406357645988464,0.0,8.380878448486328,121.570556640625,195.1419219970703,0.0017268180381506681,-179.98793029785156,30.0,False,2
2022-03-28_01-27-36_571.jpg,-0.00043982735951431096,0.25406357645988464,0.0,8.417023658752441,121.44242858886719,195.1419219970703,0.001720485626719892,-179.98910522460938,30.0,False,2
2022-03-28_01-27-36_572.jpg,-0.00043982735951431096,0.25406357645988464,0.0,8.444945335388184,121.30318450927734,195.1419219970703,0.0017155265668407083,-179.99037170410156,30.0,False,2
2022-03-28_01-27-36_573.jpg,-0.00043982735951431096,0.0,0.1821514070034027,8.459596633911133,121.15731811523438,195.14190673828125,0.0017140769632533193,-179.99169921875,30.0,False,2
2022-03-28_01-27-36_574.jpg,-0.00043982735951431096,0.0,0.1821514070034027,8.469379425048828,121.03196716308594,195.14190673828125,0.00171575543936342,-179.9928436279297,30.0,False,2
2022-03-28_01-27-36_575.jpg,-0.00043982735951431096,0.0,0.1821514070034027,8.462850570678711,120.89218139648438,195.14190673828125,0.0017209433717653155,-179.9940948486328,30.0,False,2
2022-03-28_01-27-36_576.jpg,-0.00043982735951431096,0.0,0.1821514070034027,8.451603889465332,120.76139068603516,195.1418914794922,0.0017288016388192773,-179.99526977539062,30.0,False,2
2022-03-28_01-27-36_577.jpg,0.00017573311924934387,0.0,0.522537887096405,8.430160522460938,120.62528228759766,195.1418914794922,0.0017397879855707288,-179.99615478515625,30.0,False,2
2022-03-28_01-27-36_578.jpg,0.00017573311924934387,0.0,0.522537887096405,8.398055076599121,120.48783874511719,195.1418914794922,0.0017538261599838734,-179.99664306640625,30.0,False,2
2022-03-28_01-27-36_579.jpg,0.00017573311924934387,0.0,0.522537887096405,8.35428237915039,120.3459701538086,195.1418914794922,0.0017712974222376943,-179.9969024658203,30.0,False,2
2022-03-28_01-27-36_580.jpg,0.00017573311924934387,0.0,0.522537887096405,8.298823356628418,120.19890594482422,195.1418914794922,0.0017923545092344284,-179.99700927734375,30.0,False,2
2022-03-28_01-27-36_581.jpg,0.0,0.0,0.6374015808105469,8.245471000671387,120.06381225585938,195.1418914794922,0.0018128013471141458,-179.9970245361328,30.0,False,2
2022-03-28_01-27-36_582.jpg,0.0,0.0,0.6374015808105469,8.176071166992188,119.91732788085938,195.1418914794922,0.0018369865138083696,-179.9970245361328,30.0,False,2
2022-03-28_01-27-36_583.jpg,0.0,0.0,0.6374015808105469,8.114684104919434,119.78684997558594,195.1418914794922,0.0018585013458505273,-179.9970245361328,30.0,False,2
2022-03-28_01-27-36_584.jpg,0.0,0.0,0.6374015808105469,8.050847053527832,119.66068267822266,195.1418914794922,0.0018794821808114648,-179.9970245361328,30.0,False,2
2022-03-28_01-27-36_585.jpg,-0.0006155604496598244,0.0,0.5289398431777954,7.9865336418151855,119.53569030761719,195.1418914794922,0.0019000052707269788,-179.99734497070312,30.0,False,2
2022-03-28_01-27-36_586.jpg,-0.0006155604496598244,0.0,0.5289398431777954,7.916258335113525,119.40180206298828,195.14187622070312,0.0019215202191844583,-179.99806213378906,30.0,False,2
2022-03-28_01-27-36_587.jpg,-0.0006155604496598244,0.0,0.5289398431777954,7.856935024261475,119.28649139404297,195.14187622070312,0.0019386099884286523,-179.99887084960938,30.0,False,2
2022-03-28_01-27-36_588.jpg,-0.0006155604496598244,0.0,0.5289398431777954,7.7910475730896,119.1666259765625,195.14190673828125,0.0019560051150619984,-179.99989318847656,30.0,False,2
2022-03-28_01-27-36_589.jpg,0.00017573311924934387,0.0,0.2956450283527374,7.721202850341797,119.03927612304688,195.14190673828125,0.001973705133423209,179.99935913085938,30.0,False,2
2022-03-28_01-27-36_590.jpg,0.00017573311924934387,0.0,0.2956450283527374,7.6545610427856445,118.90817260742188,195.1418914794922,0.001989993965253234,179.9989013671875,30.0,False,2
2022-03-28_01-27-36_591.jpg,0.00017573311924934387,0.0,0.2956450283527374,7.593364715576172,118.78453063964844,195.1418914794922,0.002003269037231803,179.99871826171875,30.0,False,2
2022-03-28_01-27-36_592.jpg,0.00017573311924934387,0.0,0.2956450283527374,7.533288478851318,118.66522216796875,195.1418914794922,0.002014636993408203,179.99871826171875,30.0,False,2
2022-03-28_01-27-36_593.jpg,0.0006155604496598244,0.0,0.039487794041633606,7.470180511474609,118.54044342041016,195.1418914794922,0.002025394467636943,179.99905395507812,30.0,False,2
2022-03-28_01-27-36_594.jpg,0.0006155604496598244,0.0,0.039487794041633606,7.41536283493042,118.4177474975586,195.14190673828125,0.0020340157207101583,179.999755859375,30.0,False,2
2022-03-28_01-27-36_595.jpg,0.0006155604496598244,0.0,0.039487794041633606,7.367798328399658,118.30477142333984,195.1418914794922,0.002040119143202901,-179.99937438964844,30.0,False,2
2022-03-28_01-27-36_596.jpg,0.0006155604496598244,0.0,0.039487794041633606,7.313084602355957,118.18402099609375,195.141845703125,0.002045535948127508,-179.99832153320312,30.0,False,2
2022-03-28_01-27-36_597.jpg,-0.00017573311924934387,0.198545902967453,0.0,7.267056941986084,118.07244873046875,195.14183044433594,0.002049350645393133,-179.99758911132812,30.0,False,2
2022-03-28_01-27-36_598.jpg,-0.00017573311924934387,0.198545902967453,0.0,7.222360134124756,117.96231842041016,195.141845703125,0.002052097348496318,-179.9971466064453,30.0,False,2
2022-03-28_01-27-36_599.jpg,-0.00017573311924934387,0.198545902967453,0.0,7.174672603607178,117.84463500976562,195.141845703125,0.0020540046971291304,-179.99696350097656,30.0,False,2
2022-03-28_01-27-36_600.jpg,-0.00017573311924934387,0.198545902967453,0.0,7.1388139724731445,117.73805236816406,195.141845703125,0.002054614946246147,-179.99696350097656,30.0,False,2
2022-03-28_01-27-36_601.jpg,0.0,0.3742917776107788,0.0,7.09157133102417,117.61558532714844,195.141845703125,0.002054309705272317,-179.99696350097656,30.0,False,2
2022-03-28_01-27-36_602.jpg,0.0,0.3742917776107788,0.0,7.055826663970947,117.49945068359375,195.141845703125,0.002053012838587165,-179.99688720703125,30.0,False,2
2022-03-28_01-27-36_603.jpg,0.0,0.3742917776107788,0.0,7.023179054260254,117.38388061523438,195.141845703125,0.002050418872386217,-179.99688720703125,30.0,False,2
2022-03-28_01-27-36_604.jpg,0.0,0.3742917776107788,0.0,6.99480676651001,117.26873779296875,195.141845703125,0.002046451438218355,-179.99688720703125,30.0,False,2
2022-03-28_01-27-36_605.jpg,0.0,0.5139662623405457,0.0,6.971671104431152,117.15569305419922,195.141845703125,0.002041454194113612,-179.99688720703125,30.0,False,2
2022-03-28_01-27-36_606.jpg,0.0,0.5139662623405457,0.0,6.961991310119629,117.05438995361328,195.141845703125,0.002035503275692463,-179.99688720703125,30.0,False,2
2022-03-28_01-27-36_607.jpg,0.0,0.5139662623405457,0.0,6.94402551651001,116.94002532958984,195.141845703125,0.002027263632044196,-179.99688720703125,30.0,False,2
2022-03-28_01-27-36_608.jpg,0.0,0.5139662623405457,0.0,6.944204330444336,116.83953857421875,195.141845703125,0.0020191764924675226,-179.99688720703125,30.0,False,2
2022-03-28_01-27-36_609.jpg,0.0,0.5632669925689697,0.0,6.9268798828125,116.71540832519531,195.141845703125,0.002008037408813834,-179.99688720703125,30.0,False,2
2022-03-28_01-27-36_610.jpg,0.0,0.5632669925689697,0.0,6.928647994995117,116.60250091552734,195.141845703125,0.0019979667849838734,-179.99688720703125,30.0,False,2
2022-03-28_01-27-36_611.jpg,0.0,0.5632669925689697,0.0,6.932339191436768,116.49345397949219,195.141845703125,0.0019870565738528967,-179.99688720703125,30.0,False,2
2022-03-28_01-27-36_612.jpg,0.0,0.5632669925689697,0.0,6.945549011230469,116.3914794921875,195.141845703125,0.001975841587409377,-179.99688720703125,30.0,False,2
2022-03-28_01-27-36_613.jpg,0.0,0.4943448305130005,0.0,6.949676513671875,116.2746810913086,195.141845703125,0.0019621849060058594,-179.99688720703125,30.0,False,2
2022-03-28_01-27-36_614.jpg,0.0,0.4943448305130005,0.0,6.963136672973633,116.16519927978516,195.141845703125,0.0019500540802255273,-179.99688720703125,30.0,False,2
2022-03-28_01-27-36_615.jpg,0.0,0.4943448305130005,0.0,6.980456829071045,116.06206512451172,195.141845703125,0.0019381522433832288,-179.99688720703125,30.0,False,2
2022-03-28_01-27-36_616.jpg,0.0,0.4943448305130005,0.0,6.994433403015137,115.95293426513672,195.141845703125,0.0019253349164500833,-179.99688720703125,30.0,False,2
2022-03-28_01-27-36_617.jpg,0.0,0.31005555391311646,0.0,7.009979724884033,115.84473419189453,195.141845703125,0.0019132804591208696,-179.99688720703125,30.0,False,2
2022-03-28_01-27-36_618.jpg,0.0,0.31005555391311646,0.0,7.021805286407471,115.73338317871094,195.141845703125,0.0019018363673239946,-179.99688720703125,30.0,False,2
2022-03-28_01-27-36_619.jpg,0.0,0.31005555391311646,0.0,7.029265403747559,115.61854553222656,195.141845703125,0.0018916130065917969,-179.99688720703125,30.0,False,2
2022-03-28_01-27-36_620.jpg,0.0,0.31005555391311646,0.0,7.0407280921936035,115.50973510742188,195.141845703125,0.0018832206260412931,-179.99688720703125,30.0,False,2
2022-03-28_01-27-36_621.jpg,0.0,0.06270921975374222,0.0,7.05113410949707,115.40458679199219,195.141845703125,0.0018757438519969583,-179.99688720703125,30.0,False,2
2022-03-28_01-27-36_622.jpg,0.0,0.06270921975374222,0.0,7.048853397369385,115.28728485107422,195.141845703125,0.0018690299475565553,-179.99688720703125,30.0,False,2
2022-03-28_01-27-36_623.jpg,0.0,0.06270921975374222,0.0,7.048563480377197,115.17709350585938,195.141845703125,0.0018650626298040152,-179.99688720703125,30.0,False,2
2022-03-28_01-27-36_624.jpg,0.0,0.06270921975374222,0.0,7.036801815032959,115.06066131591797,195.141845703125,0.0018627739045768976,-179.99688720703125,30.0,False,2
2022-03-28_01-27-36_625.jpg,0.0,0.0,0.15832985937595367,7.029239177703857,114.95365905761719,195.141845703125,0.0018623160431161523,-179.99688720703125,30.0,False,2
2022-03-28_01-27-36_626.jpg,0.0,0.0,0.15832985937595367,7.001091957092285,114.83477020263672,195.141845703125,0.0018644522642716765,-179.99688720703125,30.0,False,2
2022-03-28_01-27-36_627.jpg,0.0,0.0,0.15832985937595367,6.976540565490723,114.72311401367188,195.141845703125,0.0018687248229980469,-179.99688720703125,30.0,False,2
2022-03-28_01-27-36_628.jpg,0.0,0.0,0.15832985937595367,6.943959712982178,114.60914611816406,195.141845703125,0.0018747519934549928,-179.99688720703125,30.0,False,2
2022-03-28_01-27-36_629.jpg,0.0,0.0,0.27625858783721924,6.917564392089844,114.50639343261719,195.141845703125,0.0018810081528499722,-179.99688720703125,30.0,False,2
2022-03-28_01-27-36_630.jpg,0.0,0.0,0.27625858783721924,6.874863624572754,114.39459991455078,195.141845703125,0.0018894004169851542,-179.99688720703125,30.0,False,2
2022-03-28_01-27-36_631.jpg,0.0,0.0,0.27625858783721924,6.830093860626221,114.28145599365234,195.141845703125,0.0018993186531588435,-179.99688720703125,30.0,False,2
2022-03-28_01-27-36_632.jpg,0.0,0.0,0.27625858783721924,6.786154747009277,114.17178344726562,195.141845703125,0.0019095420138910413,-179.9968719482422,30.0,False,2
2022-03-28_01-27-36_633.jpg,0.0,0.0,0.235325425863266,6.7492265701293945,114.07279968261719,195.141845703125,0.0019186210120096803,-179.9968719482422,30.0,False,2
2022-03-28_01-27-36_634.jpg,0.0,0.0,0.235325425863266,6.690866947174072,113.95286560058594,195.141845703125,0.0019305992173030972,-179.9968719482422,30.0,True,0
2022-03-28_01-27-36_635.jpg,0.0,0.0,0.235325425863266,6.646078109741211,113.8448715209961,195.141845703125,0.0019408988300710917,-179.99685668945312,30.0,True,0
2022-03-28_01-27-36_636.jpg,0.0,0.0,0.235325425863266,6.600687503814697,113.74236297607422,195.141845703125,0.001950282952748239,-179.99685668945312,30.0,True,0
2022-03-28_01-27-36_637.jpg,0.0,0.0,0.08852224797010422,6.5491790771484375,113.63336944580078,195.141845703125,0.00196012482047081,-179.99685668945312,30.0,True,0
2022-03-28_01-27-36_638.jpg,0.0,0.0,0.08852224797010422,6.5079545974731445,113.53095245361328,195.141845703125,0.001968288328498602,-179.99681091308594,30.0,True,0
2022-03-28_01-27-36_639.jpg,0.0,0.0,0.08852224797010422,6.5079545974731445,113.53095245361328,195.141845703125,0.001968288328498602,-179.99681091308594,30.0,True,0
2022-03-28_01-27-36_640.jpg,0.0,0.0,0.08852224797010422,6.472816467285156,113.4391098022461,195.141845703125,0.0019745444878935814,-179.996826171875,30.0,True,0
2022-03-28_01-27-36_641.jpg,0.0,0.0,1.0,6.377143383026123,113.2310791015625,195.141845703125,0.0019879722967743874,-179.996826171875,30.0,True,0
2022-03-28_01-27-36_642.jpg,0.0,0.0,1.0,6.377143383026123,113.2310791015625,195.141845703125,0.0019879722967743874,-179.996826171875,30.0,True,0
2022-03-28_01-27-36_643.jpg,0.0,0.0,1.0,6.336345195770264,113.14118957519531,195.141845703125,0.0019932365976274014,-179.996826171875,30.0,True,0
2022-03-28_01-27-36_644.jpg,0.0,0.0,1.0,6.272140979766846,113.03207397460938,195.141845703125,0.0020006371196359396,-179.99681091308594,30.0,True,0
2022-03-28_01-27-36_645.jpg,0.0,0.0,1.0,6.157543182373047,112.83688354492188,195.141845703125,0.0020152090582996607,-179.9967803955078,30.0,True,0
2022-03-28_01-27-36_646.jpg,0.0,0.0,1.0,6.092296123504639,112.7384262084961,195.141845703125,0.0020236014388501644,-179.99676513671875,30.0,True,0
2022-03-28_01-27-36_647.jpg,0.0,0.0,1.0,6.092296123504639,112.7384262084961,195.141845703125,0.0020236014388501644,-179.99676513671875,30.0,True,0
2022-03-28_01-27-36_648.jpg,0.0,0.0,1.0,6.02998161315918,112.64793395996094,195.141845703125,0.002031841315329075,-179.99676513671875,30.0,True,0
2022-03-28_01-27-36_649.jpg,0.0,0.0,1.0,5.88413143157959,112.45858764648438,195.141845703125,0.0020512198098003864,-179.99676513671875,30.0,True,0
2022-03-28_01-27-36_650.jpg,0.0,0.0,1.0,5.88413143157959,112.45858764648438,195.141845703125,0.0020512198098003864,-179.99676513671875,30.0,True,0
2022-03-28_01-27-36_651.jpg,0.0,0.0,1.0,5.726051330566406,112.27349090576172,195.141845703125,0.0020726583898067474,-179.99676513671875,30.0,True,0
2022-03-28_01-27-36_652.jpg,0.0,0.0,1.0,5.726051330566406,112.27349090576172,195.141845703125,0.0020726583898067474,-179.99676513671875,30.0,True,0
2022-03-28_01-27-36_653.jpg,0.0,0.0,1.0,5.563761234283447,112.08727264404297,195.141845703125,0.0020938680972903967,-179.9967498779297,30.0,True,0
2022-03-28_01-27-36_654.jpg,0.0,0.0,1.0,5.563761234283447,112.08727264404297,195.141845703125,0.0020938680972903967,-179.9967498779297,30.0,True,0
2022-03-28_01-27-36_655.jpg,0.0,0.0,1.0,5.487634181976318,112.00391387939453,195.141845703125,0.0021029470954090357,-179.9967498779297,30.0,True,0
2022-03-28_01-27-36_656.jpg,0.0,0.0,1.0,5.404119968414307,111.91262817382812,195.141845703125,0.0021127890795469284,-179.99673461914062,30.0,True,0
2022-03-28_01-27-36_657.jpg,0.0,0.0,1.0,5.324814796447754,111.82719421386719,195.141845703125,0.0021211050916463137,-179.9967041015625,30.0,True,0
2022-03-28_01-27-36_658.jpg,0.0006155604496598244,0.0,1.0,5.2467474937438965,111.74485778808594,195.141845703125,0.002129039727151394,-179.99642944335938,30.0,True,0
2022-03-28_01-27-36_659.jpg,0.0006155604496598244,0.0,1.0,5.089622497558594,111.57876586914062,195.14181518554688,0.0021429252810776234,-179.99533081054688,30.0,True,0
2022-03-28_01-27-36_660.jpg,0.0006155604496598244,0.0,1.0,5.089622497558594,111.57876586914062,195.14181518554688,0.0021429252810776234,-179.99533081054688,30.0,True,0
2022-03-28_01-27-36_661.jpg,-0.00017573311924934387,0.0,1.0,4.281042098999023,111.4411392211914,195.14181518554688,0.0021734428592026234,-179.99427795410156,30.0,True,0
2022-03-28_01-27-36_662.jpg,-0.00017573311924934387,0.0,1.0,4.281042098999023,111.4411392211914,195.14181518554688,0.0021734428592026234,-179.99427795410156,30.0,True,0
2022-03-28_01-27-36_663.jpg,-0.00017573311924934387,0.0,1.0,3.8758676052093506,111.38166046142578,195.14181518554688,0.002219715155661106,-179.99395751953125,30.0,True,0
2022-03-28_01-27-36_664.jpg,-0.00017573311924934387,0.0,1.0,3.001357316970825,111.27384185791016,195.14183044433594,0.0023550987243652344,-179.9935302734375,30.0,True,0
2022-03-28_01-27-36_665.jpg,0.0,0.0,1.0,2.6103715896606445,111.23464965820312,195.14183044433594,0.002439632313326001,-179.99343872070312,30.0,True,0
2022-03-28_01-27-36_666.jpg,0.0,0.0,1.0,2.171752691268921,111.19733428955078,195.14183044433594,0.0025220299139618874,-179.9933624267578,30.0,True,0
2022-03-28_01-27-36_667.jpg,0.0,0.0,1.0,1.7299721240997314,111.16707611083984,195.14183044433594,0.0026054191403090954,-179.9933319091797,30.0,True,0
2022-03-28_01-27-36_668.jpg,0.0,0.0,1.0,1.7299721240997314,111.16707611083984,195.14183044433594,0.0026054191403090954,-179.9933319091797,30.0,True,0
2022-03-28_01-27-36_669.jpg,0.0,0.0,1.0,0.8663085103034973,111.12870788574219,195.14183044433594,0.002769374754279852,-179.99325561523438,30.0,True,0
2022-03-28_01-27-36_670.jpg,0.0,0.0,1.0,0.42644578218460083,111.11980438232422,195.14183044433594,0.002843303605914116,-179.9932403564453,30.0,True,0
2022-03-28_01-27-36_671.jpg,0.0,0.0,1.0,0.42644578218460083,111.11980438232422,195.14183044433594,0.002843303605914116,-179.9932403564453,30.0,True,0
2022-03-28_01-27-36_672.jpg,0.0,0.0,1.0,0.00048418279038742185,111.11690521240234,195.14183044433594,0.002912769326940179,-179.9933624267578,30.0,True,0
2022-03-28_01-27-36_673.jpg,0.0,0.0,1.0,0.0015852083452045918,111.11688232421875,195.14183044433594,0.002919216174632311,-179.9933624267578,30.0,True,0
2022-03-28_01-27-36_674.jpg,0.0,0.0,1.0,0.0003702491521835327,111.1168212890625,195.14183044433594,0.002871074713766575,-179.9933624267578,30.0,True,0
2022-03-28_01-27-36_675.jpg,0.0,0.0,1.0,0.0003702491521835327,111.1168212890625,195.14183044433594,0.002871074713766575,-179.9933624267578,30.0,True,0
2022-03-28_01-27-36_676.jpg,0.0,0.0,1.0,0.0007589187007397413,111.11674499511719,195.14183044433594,0.002819805173203349,-179.9933624267578,30.0,True,0
2022-03-28_01-27-36_677.jpg,0.0,0.0,1.0,0.0008973286603577435,111.1165771484375,195.14183044433594,0.002701244316995144,-179.9933624267578,30.0,True,0
2022-03-28_01-27-36_678.jpg,0.0,0.0,1.0,0.0008973286603577435,111.1165771484375,195.14183044433594,0.002701244316995144,-179.9933624267578,30.0,True,0
2022-03-28_01-27-36_679.jpg,0.0,0.0,1.0,0.0013134204782545567,111.11640167236328,195.14183044433594,0.0025667762383818626,-179.9933624267578,30.0,True,0
2022-03-28_01-27-36_680.jpg,0.0,0.0,1.0,0.0013134204782545567,111.11640167236328,195.14183044433594,0.0025667762383818626,-179.9933624267578,30.0,True,0
2022-03-28_01-27-36_681.jpg,0.0,0.0,1.0,0.0006214997265487909,111.11631774902344,195.14183044433594,0.002502994379028678,-179.9933624267578,30.0,True,0
2022-03-28_01-27-36_682.jpg,0.0,0.0,1.0,0.0007069835555739701,111.11615753173828,195.14183044433594,0.002382564591243863,-179.99337768554688,30.0,True,0
2022-03-28_01-27-36_683.jpg,0.0,0.0,1.0,0.0007069835555739701,111.11615753173828,195.14183044433594,0.002382564591243863,-179.99337768554688,30.0,True,0
2022-03-28_01-27-36_684.jpg,0.0,0.0,1.0,0.0006305276765488088,111.1160888671875,195.14183044433594,0.002333850832656026,-179.99337768554688,30.0,True,0
2022-03-28_01-27-36_685.jpg,0.0,0.0,1.0,0.0006770456093363464,111.11602020263672,195.14183044433594,0.0022915457375347614,-179.9933624267578,30.0,True,0
2022-03-28_01-27-36_686.jpg,0.0,0.0,1.0,0.00042194611160084605,111.115966796875,195.14183044433594,0.002235355321317911,-179.9933624267578,30.0,True,0
2022-03-28_01-27-36_687.jpg,0.0,0.0,1.0,0.000388066895538941,111.11585998535156,195.14183044433594,0.0021597861777991056,-179.99337768554688,30.0,True,0
2022-03-28_01-27-36_688.jpg,0.0,0.0,1.0,0.0005179514409974217,111.11580657958984,195.14183044433594,0.00211053853854537,-179.9933624267578,30.0,True,0
2022-03-28_01-27-36_689.jpg,0.0,0.0,1.0,0.0005179514409974217,111.11580657958984,195.14183044433594,0.00211053853854537,-179.9933624267578,30.0,True,0
2022-03-28_01-27-36_690.jpg,0.0,0.0,1.0,0.0002937063982244581,111.11573028564453,195.14183044433594,0.0020543860737234354,-179.9933624267578,30.0,True,0
2022-03-28_01-27-36_691.jpg,0.0,0.0,1.0,0.000640711048617959,111.11569213867188,195.14183044433594,0.002036456950008869,-179.9933624267578,30.0,True,0
2022-03-28_01-27-36_692.jpg,0.0,0.0,1.0,0.000640711048617959,111.11569213867188,195.14183044433594,0.002036456950008869,-179.9933624267578,30.0,True,0
2022-03-28_01-27-36_693.jpg,0.0,0.0,1.0,0.0008550698985345662,111.11563110351562,195.14183044433594,0.0019878195598721504,-179.9933624267578,30.0,True,0
2022-03-28_01-27-36_694.jpg,0.0,0.0,1.0,0.0008550698985345662,111.11563110351562,195.14183044433594,0.0019878195598721504,-179.9933624267578,30.0,True,0
2022-03-28_01-27-36_695.jpg,0.0,0.0,1.0,0.0003549631801433861,111.1156005859375,195.14183044433594,0.001958942273631692,-179.9933624267578,30.0,True,0
2022-03-28_01-27-36_696.jpg,0.0,0.0,1.0,0.0004331944801378995,111.11555480957031,195.14183044433594,0.0019099616911262274,-179.9933624267578,30.0,True,0
2022-03-28_01-27-36_697.jpg,0.0,0.0,1.0,0.0004331944801378995,111.11555480957031,195.14183044433594,0.0019099616911262274,-179.9933624267578,30.0,True,0
2022-03-28_01-27-36_698.jpg,0.0,0.0,1.0,0.0005662907497026026,111.11553192138672,195.14183044433594,0.0018811988411471248,-179.99337768554688,30.0,True,0
2022-03-28_01-27-36_699.jpg,0.0,0.0,1.0,0.0003517264558468014,111.11551666259766,195.14183044433594,0.0018718527862802148,-179.9933624267578,30.0,True,0
2022-03-28_01-27-36_700.jpg,0.0,0.0,1.0,0.0008829183643683791,111.11549377441406,195.14183044433594,0.001872806460596621,-179.99337768554688,30.0,True,0
2022-03-28_01-27-36_701.jpg,0.0,0.0,1.0,0.00010339908476453274,111.11546325683594,195.14183044433594,0.001852664863690734,-179.9933624267578,30.0,True,0
2022-03-28_01-27-36_702.jpg,0.0,0.0,1.0,0.00010339908476453274,111.11546325683594,195.14183044433594,0.001852664863690734,-179.9933624267578,30.0,True,0
2022-03-28_01-27-36_703.jpg,0.0,0.0,1.0,0.0006543899653479457,111.1154556274414,195.14183044433594,0.0018531989771872759,-179.9933624267578,30.0,True,0
2022-03-28_01-27-36_704.jpg,0.0,0.0,1.0,0.00029051618184894323,111.11544799804688,195.14183044433594,0.001848735730163753,-179.99337768554688,30.0,True,0
2022-03-28_01-27-36_705.jpg,0.0,0.0,1.0,0.00014163978630676866,111.11542510986328,195.14183044433594,0.0018227195832878351,-179.9933624267578,30.0,True,0
2022-03-28_01-27-36_706.jpg,0.0,0.0,1.0,0.00029485844424925745,111.11541748046875,195.14183044433594,0.0018206214299425483,-179.9933624267578,30.0,True,0
2022-03-28_01-27-36_707.jpg,0.0,0.0,1.0,0.0,111.11541748046875,195.14183044433594,0.0018206214299425483,-179.9933624267578,30.0,True,0
2022-03-28_01-27-36_708.jpg,0.0,0.0,1.0,0.0,111.11541748046875,195.14183044433594,0.0018206214299425483,-179.9933624267578,30.0,True,0
2022-03-28_01-27-36_709.jpg,0.0,0.0,1.0,0.0,111.11541748046875,195.14183044433594,0.0018206214299425483,-179.9933624267578,30.0,True,0
2022-03-28_01-27-36_710.jpg,0.0,0.0,1.0,0.0,111.11541748046875,195.14183044433594,0.0018206214299425483,-179.9933624267578,30.0,True,0
2022-03-28_01-27-36_711.jpg,0.0,0.0,1.0,0.0,111.11541748046875,195.14183044433594,0.0018206214299425483,-179.9933624267578,30.0,True,0
2022-03-28_01-27-36_712.jpg,0.0,0.0,1.0,0.0,111.11541748046875,195.14183044433594,0.0018206214299425483,-179.9933624267578,30.0,True,0
2022-03-28_01-27-36_713.jpg,0.0,0.0,1.0,0.0,111.11541748046875,195.14183044433594,0.0018206214299425483,-179.9933624267578,30.0,True,0
2022-03-28_01-27-36_714.jpg,0.0,0.0,1.0,0.0,111.11541748046875,195.14183044433594,0.0018206214299425483,-179.9933624267578,30.0,True,0
2022-03-28_01-27-36_715.jpg,0.0,0.0,1.0,0.0,111.11541748046875,195.14183044433594,0.0018206214299425483,-179.9933624267578,30.0,True,0
2022-03-28_01-27-36_716.jpg,0.0,0.0,1.0,0.0,111.11541748046875,195.14183044433594,0.0018206214299425483,-179.9933624267578,30.0,True,0
2022-03-28_01-27-36_717.jpg,0.0,0.0,1.0,0.0,111.11541748046875,195.14183044433594,0.0018206214299425483,-179.9933624267578,30.0,True,0
2022-03-28_01-27-36_718.jpg,0.0,0.0,1.0,0.0,111.11541748046875,195.14183044433594,0.0018206214299425483,-179.9933624267578,30.0,True,0
2022-03-28_01-27-36_719.jpg,0.0,0.0,1.0,0.0,111.11541748046875,195.14183044433594,0.0018206214299425483,-179.9933624267578,30.0,True,0
2022-03-28_01-27-36_720.jpg,0.0,0.0,1.0,0.0,111.11541748046875,195.14183044433594,0.0018206214299425483,-179.9933624267578,30.0,True,0
2022-03-28_01-27-36_721.jpg,0.0,0.0,1.0,0.0,111.11541748046875,195.14183044433594,0.0018206214299425483,-179.9933624267578,30.0,True,0
2022-03-28_01-27-36_722.jpg,0.0,0.0,1.0,0.0,111.11541748046875,195.14183044433594,0.0018206214299425483,-179.9933624267578,30.0,True,0
2022-03-28_01-27-36_723.jpg,0.0,0.0,1.0,0.0,111.11541748046875,195.14183044433594,0.0018206214299425483,-179.9933624267578,30.0,True,0
2022-03-28_01-27-36_724.jpg,0.0,0.0,1.0,0.0,111.11541748046875,195.14183044433594,0.0018206214299425483,-179.9933624267578,30.0,True,0
2022-03-28_01-27-36_725.jpg,0.0,0.0,1.0,0.0,111.11541748046875,195.14183044433594,0.0018206214299425483,-179.9933624267578,30.0,True,0
2022-03-28_01-27-36_726.jpg,0.0,0.0,1.0,0.0,111.11541748046875,195.14183044433594,0.0018206214299425483,-179.9933624267578,30.0,True,0
2022-03-28_01-27-36_727.jpg,0.0,0.0,1.0,0.0,111.11541748046875,195.14183044433594,0.0018206214299425483,-179.9933624267578,30.0,True,0
2022-03-28_01-27-36_728.jpg,0.0,0.0,1.0,0.0,111.11541748046875,195.14183044433594,0.0018206214299425483,-179.9933624267578,30.0,True,0
2022-03-28_01-27-36_729.jpg,0.0,0.0,1.0,0.0,111.11541748046875,195.14183044433594,0.0018206214299425483,-179.9933624267578,30.0,True,0
2022-03-28_01-27-36_730.jpg,0.0,0.0,1.0,0.0,111.11541748046875,195.14183044433594,0.0018206214299425483,-179.9933624267578,30.0,True,0
2022-03-28_01-27-36_731.jpg,0.0,0.0,1.0,0.0,111.11541748046875,195.14183044433594,0.0018206214299425483,-179.9933624267578,30.0,True,0
2022-03-28_01-27-36_732.jpg,0.0,0.0,1.0,0.0,111.11541748046875,195.14183044433594,0.0018206214299425483,-179.9933624267578,30.0,True,0
2022-03-28_01-27-36_733.jpg,0.0,0.0,1.0,0.0,111.11541748046875,195.14183044433594,0.0018206214299425483,-179.9933624267578,30.0,True,0
2022-03-28_01-27-36_734.jpg,0.0,0.0,1.0,0.0,111.11541748046875,195.14183044433594,0.0018206214299425483,-179.9933624267578,30.0,True,0
2022-03-28_01-27-36_735.jpg,0.0,0.0,1.0,0.0,111.11541748046875,195.14183044433594,0.0018206214299425483,-179.9933624267578,30.0,True,0
2022-03-28_01-27-36_736.jpg,0.0,0.0,1.0,0.0,111.11541748046875,195.14183044433594,0.0018206214299425483,-179.9933624267578,30.0,True,0
2022-03-28_01-27-36_737.jpg,0.0,0.0,1.0,0.0,111.11541748046875,195.14183044433594,0.0018206214299425483,-179.9933624267578,30.0,True,0
2022-03-28_01-27-36_738.jpg,0.0,0.0,1.0,0.0,111.11541748046875,195.14183044433594,0.0018206214299425483,-179.9933624267578,30.0,True,0
2022-03-28_01-27-36_739.jpg,0.0,0.0,1.0,0.0,111.11541748046875,195.14183044433594,0.0018206214299425483,-179.9933624267578,30.0,True,0
2022-03-28_01-27-36_740.jpg,0.0,0.0,1.0,0.0,111.11541748046875,195.14183044433594,0.0018206214299425483,-179.9933624267578,30.0,True,0
2022-03-28_01-27-36_741.jpg,0.0,0.0,1.0,0.0,111.11541748046875,195.14183044433594,0.0018206214299425483,-179.9933624267578,30.0,True,0
2022-03-28_01-27-36_742.jpg,0.0,0.0,1.0,0.0,111.11541748046875,195.14183044433594,0.0018206214299425483,-179.9933624267578,30.0,True,0
2022-03-28_01-27-36_743.jpg,0.0,0.0,1.0,0.0,111.11541748046875,195.14183044433594,0.0018206214299425483,-179.9933624267578,30.0,True,0
2022-03-28_01-27-36_744.jpg,0.0,0.0,1.0,0.0,111.11541748046875,195.14183044433594,0.0018206214299425483,-179.9933624267578,30.0,True,0
2022-03-28_01-27-36_745.jpg,0.0,0.0,1.0,0.0,111.11541748046875,195.14183044433594,0.0018206214299425483,-179.9933624267578,30.0,True,0
2022-03-28_01-27-36_746.jpg,0.0,0.0,1.0,0.0,111.11541748046875,195.14183044433594,0.0018206214299425483,-179.9933624267578,30.0,True,0
2022-03-28_01-27-36_747.jpg,0.0,0.0,1.0,0.0,111.11541748046875,195.14183044433594,0.0018206214299425483,-179.9933624267578,30.0,True,0
2022-03-28_01-27-36_748.jpg,0.0,0.0,1.0,0.0,111.11541748046875,195.14183044433594,0.0018206214299425483,-179.9933624267578,30.0,True,0
2022-03-28_01-27-36_749.jpg,0.0,0.0,1.0,0.0,111.11541748046875,195.14183044433594,0.0018206214299425483,-179.9933624267578,30.0,True,0
2022-03-28_01-27-36_750.jpg,0.0,0.0,1.0,0.0,111.11541748046875,195.14183044433594,0.0018206214299425483,-179.9933624267578,30.0,True,0
2022-03-28_01-27-36_751.jpg,0.0,0.0,1.0,0.0,111.11541748046875,195.14183044433594,0.0018206214299425483,-179.9933624267578,30.0,True,0
2022-03-28_01-27-36_752.jpg,0.0,0.0,1.0,0.0,111.11541748046875,195.14183044433594,0.0018206214299425483,-179.9933624267578,30.0,True,0
2022-03-28_01-27-36_753.jpg,0.0,0.0,1.0,0.0,111.11541748046875,195.14183044433594,0.0018206214299425483,-179.9933624267578,30.0,True,0
2022-03-28_01-27-36_754.jpg,0.0,0.0,1.0,0.0,111.11541748046875,195.14183044433594,0.0018206214299425483,-179.9933624267578,30.0,True,0
2022-03-28_01-27-36_755.jpg,0.0,0.0,1.0,0.0,111.11541748046875,195.14183044433594,0.0018206214299425483,-179.9933624267578,30.0,True,0
2022-03-28_01-27-36_756.jpg,0.0,0.0,1.0,0.0,111.11541748046875,195.14183044433594,0.0018206214299425483,-179.9933624267578,30.0,True,0
2022-03-28_01-27-36_757.jpg,0.0,0.0,1.0,0.0,111.11541748046875,195.14183044433594,0.0018206214299425483,-179.9933624267578,30.0,True,0
2022-03-28_01-27-36_758.jpg,0.0,0.0,1.0,0.0,111.11541748046875,195.14183044433594,0.0018206214299425483,-179.9933624267578,30.0,True,0
2022-03-28_01-27-36_759.jpg,0.0,0.0,1.0,0.0,111.11541748046875,195.14183044433594,0.0018206214299425483,-179.9933624267578,30.0,True,0
2022-03-28_01-27-36_760.jpg,0.0,0.0,1.0,0.0,111.11541748046875,195.14183044433594,0.0018206214299425483,-179.9933624267578,30.0,True,0
2022-03-28_01-27-36_761.jpg,0.0,0.0,1.0,0.0,111.11541748046875,195.14183044433594,0.0018206214299425483,-179.9933624267578,30.0,True,0
2022-03-28_01-27-36_762.jpg,0.0,0.0,1.0,0.0,111.11541748046875,195.14183044433594,0.0018206214299425483,-179.9933624267578,30.0,True,0
2022-03-28_01-27-36_763.jpg,0.0,0.0,1.0,0.0,111.11541748046875,195.14183044433594,0.0018206214299425483,-179.9933624267578,30.0,True,0
2022-03-28_01-27-36_764.jpg,0.0,0.0,1.0,0.0,111.11541748046875,195.14183044433594,0.0018206214299425483,-179.9933624267578,30.0,True,0
2022-03-28_01-27-36_765.jpg,0.0,0.0,1.0,0.0,111.11541748046875,195.14183044433594,0.0018206214299425483,-179.9933624267578,30.0,True,0
2022-03-28_01-27-36_766.jpg,0.0,0.0,1.0,0.0,111.11541748046875,195.14183044433594,0.0018206214299425483,-179.9933624267578,30.0,True,0
2022-03-28_01-27-36_767.jpg,0.0,0.0,1.0,0.0,111.11541748046875,195.14183044433594,0.0018206214299425483,-179.9933624267578,30.0,True,0
2022-03-28_01-27-36_768.jpg,0.0,0.0,1.0,0.0,111.11541748046875,195.14183044433594,0.0018206214299425483,-179.9933624267578,30.0,True,0
2022-03-28_01-27-36_769.jpg,0.0,0.0,1.0,0.0,111.11541748046875,195.14183044433594,0.0018206214299425483,-179.9933624267578,30.0,True,0
2022-03-28_01-27-36_770.jpg,0.0,0.0,1.0,0.0,111.11541748046875,195.14183044433594,0.0018206214299425483,-179.9933624267578,30.0,True,0
2022-03-28_01-27-36_771.jpg,0.0,0.0,1.0,0.0,111.11541748046875,195.14183044433594,0.0018206214299425483,-179.9933624267578,30.0,True,0
2022-03-28_01-27-36_772.jpg,0.0,0.0,1.0,0.0,111.11541748046875,195.14183044433594,0.0018206214299425483,-179.9933624267578,30.0,True,0
2022-03-28_01-27-36_773.jpg,0.0,0.0,1.0,0.0,111.11541748046875,195.14183044433594,0.0018206214299425483,-179.9933624267578,30.0,True,0
